record_utc,user_uuid,download
2021-11-27T22:24:14.000+01:00,32ccc85e-5dd4-46da-93a5-82ec70eafc6d,https://data.noise-planet.org/raw/32/cc/c8/32ccc85e-5dd4-46da-93a5-82ec70eafc6d/track_76928fc6-c20f-4510-9cdd-2db6dedd79d8.zip
2021-11-25T19:11:59.000+01:00,54fa8aee-2292-4561-82a7-5141d2c72a71,https://data.noise-planet.org/raw/54/fa/8a/54fa8aee-2292-4561-82a7-5141d2c72a71/track_415e1cab-dc22-4edd-adef-caa4e5bf43bd.zip
2021-11-28T17:06:17.000+01:00,4f3b51b7-1b7c-40a0-b45f-6b3a138c94b3,https://data.noise-planet.org/raw/4f/3b/51/4f3b51b7-1b7c-40a0-b45f-6b3a138c94b3/track_a04fc95d-8f56-4a83-b89d-e2e82f0a7f93.zip
2021-11-28T17:20:52.000+01:00,aed4a4cf-d380-4f31-9810-4b1aaaefbdd8,https://data.noise-planet.org/raw/ae/d4/a4/aed4a4cf-d380-4f31-9810-4b1aaaefbdd8/track_2a98839e-afdb-4ca4-b592-d6910a4d2df3.zip
2021-11-28T21:58:35.000+01:00,32ccc85e-5dd4-46da-93a5-82ec70eafc6d,https://data.noise-planet.org/raw/32/cc/c8/32ccc85e-5dd4-46da-93a5-82ec70eafc6d/track_f764b705-febf-419e-8afc-6156d91e2bbe.zip
2021-11-28T23:44:38.000+01:00,b586a0ba-a302-4b88-9141-0e153bbfda58,https://data.noise-planet.org/raw/b5/86/a0/b586a0ba-a302-4b88-9141-0e153bbfda58/track_78c48d17-80c7-4bea-948f-e9833d727df7.zip
2021-11-30T16:16:59.000+01:00,97e32227-1faa-48be-9390-902f037e0291,https://data.noise-planet.org/raw/97/e3/22/97e32227-1faa-48be-9390-902f037e0291/track_6c34754a-a21a-4663-9711-975722f9049a.zip
2021-11-29T17:32:53.000+01:00,9b9693ef-280f-49e3-b8bc-33d1f465e646,https://data.noise-planet.org/raw/9b/96/93/9b9693ef-280f-49e3-b8bc-33d1f465e646/track_310a4493-1f54-4eb1-b515-6d23900b3b77.zip
2021-11-29T12:05:12.000+01:00,7328bc65-3a53-450c-a81f-83356c69d988,https://data.noise-planet.org/raw/73/28/bc/7328bc65-3a53-450c-a81f-83356c69d988/track_f7b55263-f087-42f8-9871-3e26a210aeda.zip
2021-12-02T17:28:37.000+01:00,cc649e4f-bfd8-4b1e-bd81-733be9388736,https://data.noise-planet.org/raw/cc/64/9e/cc649e4f-bfd8-4b1e-bd81-733be9388736/track_3d4607d5-b53b-4670-9667-5dd77b5ad673.zip
2021-12-01T19:49:31.000+01:00,3ab09be4-9cbb-4c01-a426-354ffa073797,https://data.noise-planet.org/raw/3a/b0/9b/3ab09be4-9cbb-4c01-a426-354ffa073797/track_c27dd78b-fff2-4cfd-b7e8-d9e54d9562a1.zip
2021-12-01T19:49:39.000+01:00,c1c1b695-b9fe-4771-b1a7-d3dfe1a078ea,https://data.noise-planet.org/raw/c1/c1/b6/c1c1b695-b9fe-4771-b1a7-d3dfe1a078ea/track_99b5d3f3-e2c6-4461-91e0-532fa5874450.zip
2021-12-01T19:49:05.000+01:00,be29b5aa-0b37-4da9-b0ab-b757442a7551,https://data.noise-planet.org/raw/be/29/b5/be29b5aa-0b37-4da9-b0ab-b757442a7551/track_a1c0d939-599a-4f49-af09-7607043dac28.zip
2021-12-01T19:52:18.000+01:00,c1c1b695-b9fe-4771-b1a7-d3dfe1a078ea,https://data.noise-planet.org/raw/c1/c1/b6/c1c1b695-b9fe-4771-b1a7-d3dfe1a078ea/track_cd2b3b32-16c4-4a56-a1c4-44cefab64dbb.zip
2021-12-01T20:21:35.000+01:00,2f32ad90-ec3f-4457-bb1a-322779907e44,https://data.noise-planet.org/raw/2f/32/ad/2f32ad90-ec3f-4457-bb1a-322779907e44/track_63c99735-f15d-49b2-bec4-82f382a002fb.zip
2021-12-01T20:19:51.000+01:00,3ab09be4-9cbb-4c01-a426-354ffa073797,https://data.noise-planet.org/raw/3a/b0/9b/3ab09be4-9cbb-4c01-a426-354ffa073797/track_7c8c67e3-06f5-47ec-b0b7-db80aa332320.zip
2021-12-01T20:24:46.000+01:00,3ab09be4-9cbb-4c01-a426-354ffa073797,https://data.noise-planet.org/raw/3a/b0/9b/3ab09be4-9cbb-4c01-a426-354ffa073797/track_01fbd874-87cd-468b-95a3-54dcb7dcbbaa.zip
2021-12-01T20:33:01.000+01:00,58803436-938f-440c-b61f-c05fb98213b8,https://data.noise-planet.org/raw/58/80/34/58803436-938f-440c-b61f-c05fb98213b8/track_95ccc23d-7d32-4adb-b866-500d1c23d52e.zip
2021-12-01T20:50:54.000+01:00,8340f441-302d-4e38-9323-429d7268bf4e,https://data.noise-planet.org/raw/83/40/f4/8340f441-302d-4e38-9323-429d7268bf4e/track_b407655d-13ab-44ac-b7e6-74a9c51d734b.zip
2021-12-01T20:54:29.000+01:00,8340f441-302d-4e38-9323-429d7268bf4e,https://data.noise-planet.org/raw/83/40/f4/8340f441-302d-4e38-9323-429d7268bf4e/track_30de87d0-760a-475c-82e7-71ea68d76c77.zip
2021-12-01T21:45:22.000+01:00,d9e71fd0-4629-45f9-8d5c-acd0f53bc747,https://data.noise-planet.org/raw/d9/e7/1f/d9e71fd0-4629-45f9-8d5c-acd0f53bc747/track_19506cba-e2c0-4442-b40e-cd053a09cf30.zip
2021-12-01T22:47:58.000+01:00,2f32ad90-ec3f-4457-bb1a-322779907e44,https://data.noise-planet.org/raw/2f/32/ad/2f32ad90-ec3f-4457-bb1a-322779907e44/track_f7de6254-e580-4a25-91e4-37d324161a26.zip
2021-12-03T09:02:29.000+01:00,7e1868f2-6e19-40d0-9089-0a67fe25b6ba,https://data.noise-planet.org/raw/7e/18/68/7e1868f2-6e19-40d0-9089-0a67fe25b6ba/track_d55f02c8-2bc6-40ca-a753-9e2539c0d09d.zip
2021-12-03T09:05:17.000+01:00,7e1868f2-6e19-40d0-9089-0a67fe25b6ba,https://data.noise-planet.org/raw/7e/18/68/7e1868f2-6e19-40d0-9089-0a67fe25b6ba/track_b89f4496-8851-4e50-bcad-48fd004418f5.zip
2021-12-03T09:15:20.000+01:00,9e5bc3f0-8e03-4345-85a2-df8701617554,https://data.noise-planet.org/raw/9e/5b/c3/9e5bc3f0-8e03-4345-85a2-df8701617554/track_5139a10f-587f-490a-8815-1da98b0e93af.zip
2021-12-03T09:31:54.000+01:00,d9e71fd0-4629-45f9-8d5c-acd0f53bc747,https://data.noise-planet.org/raw/d9/e7/1f/d9e71fd0-4629-45f9-8d5c-acd0f53bc747/track_2099198d-aa64-457a-b796-91b6201a8c64.zip
2021-12-03T11:04:08.000+01:00,8340f441-302d-4e38-9323-429d7268bf4e,https://data.noise-planet.org/raw/83/40/f4/8340f441-302d-4e38-9323-429d7268bf4e/track_2ecec14b-57ff-419d-9f5b-443e16b349fb.zip
2021-12-03T13:18:17.000+01:00,32ccc85e-5dd4-46da-93a5-82ec70eafc6d,https://data.noise-planet.org/raw/32/cc/c8/32ccc85e-5dd4-46da-93a5-82ec70eafc6d/track_90237cb7-9051-4904-8165-795cc2f3ae5c.zip
2021-12-04T09:43:01.000+01:00,8340f441-302d-4e38-9323-429d7268bf4e,https://data.noise-planet.org/raw/83/40/f4/8340f441-302d-4e38-9323-429d7268bf4e/track_e15f2725-6e18-4290-bc09-faf9884f04fd.zip
2021-12-04T10:57:31.000+01:00,cc649e4f-bfd8-4b1e-bd81-733be9388736,https://data.noise-planet.org/raw/cc/64/9e/cc649e4f-bfd8-4b1e-bd81-733be9388736/track_6ccd12c5-6e19-42cd-b5b1-6fcbe1ba6efc.zip
2021-12-04T12:17:25.000+01:00,9e5bc3f0-8e03-4345-85a2-df8701617554,https://data.noise-planet.org/raw/9e/5b/c3/9e5bc3f0-8e03-4345-85a2-df8701617554/track_50002ad5-cfe1-4df1-b699-81781457713b.zip
2021-12-04T23:29:59.000+01:00,8340f441-302d-4e38-9323-429d7268bf4e,https://data.noise-planet.org/raw/83/40/f4/8340f441-302d-4e38-9323-429d7268bf4e/track_1a4ad5d5-4e88-489c-9b97-81fe9f6b8f86.zip
2021-12-05T12:03:44.000+01:00,97e32227-1faa-48be-9390-902f037e0291,https://data.noise-planet.org/raw/97/e3/22/97e32227-1faa-48be-9390-902f037e0291/track_804aeaf1-5886-4ba5-a085-aa2b669ac2ae.zip
2021-12-05T12:17:48.000+01:00,97e32227-1faa-48be-9390-902f037e0291,https://data.noise-planet.org/raw/97/e3/22/97e32227-1faa-48be-9390-902f037e0291/track_c28d3e2d-d485-4710-ad14-000dd0968738.zip
2021-12-05T12:19:28.000+01:00,97e32227-1faa-48be-9390-902f037e0291,https://data.noise-planet.org/raw/97/e3/22/97e32227-1faa-48be-9390-902f037e0291/track_a8253fba-8d03-41bb-97a0-1f094e6e6fb1.zip
2021-12-05T12:43:46.000+01:00,2f32ad90-ec3f-4457-bb1a-322779907e44,https://data.noise-planet.org/raw/2f/32/ad/2f32ad90-ec3f-4457-bb1a-322779907e44/track_0606107f-0ba6-4118-9d63-6b2a89987392.zip
2021-12-05T12:50:42.000+01:00,2f32ad90-ec3f-4457-bb1a-322779907e44,https://data.noise-planet.org/raw/2f/32/ad/2f32ad90-ec3f-4457-bb1a-322779907e44/track_4608dfe5-e2be-4743-9670-b7c30d83d90e.zip
2021-12-06T07:23:24.000+01:00,6f6b4927-f39c-4854-97b0-e900e1336b16,https://data.noise-planet.org/raw/6f/6b/49/6f6b4927-f39c-4854-97b0-e900e1336b16/track_ef8e69a3-9d01-43c5-a5e8-99dee39fd5f6.zip
2021-12-06T09:03:59.000+01:00,cc649e4f-bfd8-4b1e-bd81-733be9388736,https://data.noise-planet.org/raw/cc/64/9e/cc649e4f-bfd8-4b1e-bd81-733be9388736/track_3c9e3d9f-b923-4e29-92bd-b0fc4b74abcd.zip
2021-12-06T09:05:46.000+01:00,cc649e4f-bfd8-4b1e-bd81-733be9388736,https://data.noise-planet.org/raw/cc/64/9e/cc649e4f-bfd8-4b1e-bd81-733be9388736/track_90155299-0214-48dd-9312-5a6e14f87abd.zip
2021-12-06T09:07:36.000+01:00,cc649e4f-bfd8-4b1e-bd81-733be9388736,https://data.noise-planet.org/raw/cc/64/9e/cc649e4f-bfd8-4b1e-bd81-733be9388736/track_ad13e317-a680-4d25-82a6-eccef4717404.zip
2021-12-06T09:09:28.000+01:00,cc649e4f-bfd8-4b1e-bd81-733be9388736,https://data.noise-planet.org/raw/cc/64/9e/cc649e4f-bfd8-4b1e-bd81-733be9388736/track_96307797-4ff5-4d01-a34e-d3cce10d5f56.zip
2021-12-06T09:11:07.000+01:00,9e5bc3f0-8e03-4345-85a2-df8701617554,https://data.noise-planet.org/raw/9e/5b/c3/9e5bc3f0-8e03-4345-85a2-df8701617554/track_2ab78b4c-3995-4cc0-850a-e668e6dd81ce.zip
2021-12-06T09:12:08.000+01:00,cc649e4f-bfd8-4b1e-bd81-733be9388736,https://data.noise-planet.org/raw/cc/64/9e/cc649e4f-bfd8-4b1e-bd81-733be9388736/track_9767de9f-2242-4025-88a9-42b55c18addc.zip
2021-12-06T09:14:16.000+01:00,cc649e4f-bfd8-4b1e-bd81-733be9388736,https://data.noise-planet.org/raw/cc/64/9e/cc649e4f-bfd8-4b1e-bd81-733be9388736/track_c61eecbd-4476-4096-bab0-9fd636ec9c47.zip
2021-12-06T09:16:05.000+01:00,cc649e4f-bfd8-4b1e-bd81-733be9388736,https://data.noise-planet.org/raw/cc/64/9e/cc649e4f-bfd8-4b1e-bd81-733be9388736/track_bdbbbc54-1c8a-4c7d-bf1f-8b1ed357547b.zip
2021-12-06T09:17:51.000+01:00,cc649e4f-bfd8-4b1e-bd81-733be9388736,https://data.noise-planet.org/raw/cc/64/9e/cc649e4f-bfd8-4b1e-bd81-733be9388736/track_c88fd0c7-9148-4331-84c4-7b0ed644c10e.zip
2021-12-06T09:20:39.000+01:00,cc649e4f-bfd8-4b1e-bd81-733be9388736,https://data.noise-planet.org/raw/cc/64/9e/cc649e4f-bfd8-4b1e-bd81-733be9388736/track_72de5132-9e53-4ea8-8d3a-e478ab8aff2c.zip
2021-12-06T09:23:12.000+01:00,cc649e4f-bfd8-4b1e-bd81-733be9388736,https://data.noise-planet.org/raw/cc/64/9e/cc649e4f-bfd8-4b1e-bd81-733be9388736/track_0283f7c4-7c0d-456b-9541-3aee8533745f.zip
2021-12-06T09:25:53.000+01:00,cc649e4f-bfd8-4b1e-bd81-733be9388736,https://data.noise-planet.org/raw/cc/64/9e/cc649e4f-bfd8-4b1e-bd81-733be9388736/track_8e4ebc75-cd87-4756-8049-feaaf2b6e713.zip
2021-12-06T10:08:34.000+01:00,ca63edb7-b5ef-45b8-baf3-2d255f06d7ca,https://data.noise-planet.org/raw/ca/63/ed/ca63edb7-b5ef-45b8-baf3-2d255f06d7ca/track_035007a5-d006-436a-9012-1f08782d2b26.zip
2021-12-06T10:22:17.000+01:00,8340f441-302d-4e38-9323-429d7268bf4e,https://data.noise-planet.org/raw/83/40/f4/8340f441-302d-4e38-9323-429d7268bf4e/track_d1ef36b9-9369-46cf-ab1a-56b54552ba94.zip
2021-12-06T10:37:34.000+01:00,cc649e4f-bfd8-4b1e-bd81-733be9388736,https://data.noise-planet.org/raw/cc/64/9e/cc649e4f-bfd8-4b1e-bd81-733be9388736/track_099d1eab-b3a6-4e68-b1c1-e064adb9ef78.zip
2021-12-06T10:39:20.000+01:00,cc649e4f-bfd8-4b1e-bd81-733be9388736,https://data.noise-planet.org/raw/cc/64/9e/cc649e4f-bfd8-4b1e-bd81-733be9388736/track_92cd5818-9a85-4916-96e1-602dab7a2221.zip
2021-12-06T16:58:02.000+01:00,cc649e4f-bfd8-4b1e-bd81-733be9388736,https://data.noise-planet.org/raw/cc/64/9e/cc649e4f-bfd8-4b1e-bd81-733be9388736/track_a716e790-bc67-41ac-af2f-b92611cf9559.zip
2021-12-06T16:59:43.000+01:00,cc649e4f-bfd8-4b1e-bd81-733be9388736,https://data.noise-planet.org/raw/cc/64/9e/cc649e4f-bfd8-4b1e-bd81-733be9388736/track_647c0b30-411e-4092-8bd1-2585b9e20127.zip
2021-12-06T17:01:32.000+01:00,cc649e4f-bfd8-4b1e-bd81-733be9388736,https://data.noise-planet.org/raw/cc/64/9e/cc649e4f-bfd8-4b1e-bd81-733be9388736/track_39ebe315-3c97-46d6-8198-e0ee8ee25124.zip
2021-12-06T17:03:40.000+01:00,cc649e4f-bfd8-4b1e-bd81-733be9388736,https://data.noise-planet.org/raw/cc/64/9e/cc649e4f-bfd8-4b1e-bd81-733be9388736/track_2ab76283-efa2-4309-98ee-68b5b504ed32.zip
2021-12-06T17:04:58.000+01:00,cc649e4f-bfd8-4b1e-bd81-733be9388736,https://data.noise-planet.org/raw/cc/64/9e/cc649e4f-bfd8-4b1e-bd81-733be9388736/track_5bb12329-b349-4499-b33f-4a04c9cb5e3d.zip
2021-12-06T17:06:48.000+01:00,cc649e4f-bfd8-4b1e-bd81-733be9388736,https://data.noise-planet.org/raw/cc/64/9e/cc649e4f-bfd8-4b1e-bd81-733be9388736/track_b880933e-33be-453d-b093-093c42964f06.zip
2021-12-06T17:09:20.000+01:00,cc649e4f-bfd8-4b1e-bd81-733be9388736,https://data.noise-planet.org/raw/cc/64/9e/cc649e4f-bfd8-4b1e-bd81-733be9388736/track_498e5f27-e554-420a-8cdc-218222ef9484.zip
2021-12-06T17:10:14.000+01:00,97e32227-1faa-48be-9390-902f037e0291,https://data.noise-planet.org/raw/97/e3/22/97e32227-1faa-48be-9390-902f037e0291/track_ea3dfbe3-0aa1-4bc5-a294-2c7537214e4f.zip
2021-12-06T17:18:12.000+01:00,97e32227-1faa-48be-9390-902f037e0291,https://data.noise-planet.org/raw/97/e3/22/97e32227-1faa-48be-9390-902f037e0291/track_8040f466-4fda-41bd-9edc-44f30108f892.zip
2021-12-06T18:49:08.000+01:00,3ca1943c-762c-4c80-84e5-a7f3a00b88aa,https://data.noise-planet.org/raw/3c/a1/94/3ca1943c-762c-4c80-84e5-a7f3a00b88aa/track_e9207ded-9c41-456f-bf26-d993aa5ef3c6.zip
2021-12-06T19:01:13.000+01:00,8ecba1bd-9e08-4215-a191-05d798f78352,https://data.noise-planet.org/raw/8e/cb/a1/8ecba1bd-9e08-4215-a191-05d798f78352/track_ec92f214-2b6c-4ea6-a021-1ae8527ed375.zip
2021-12-06T19:26:57.000+01:00,a41945bc-4b6c-47cb-8697-a425e656b5b0,https://data.noise-planet.org/raw/a4/19/45/a41945bc-4b6c-47cb-8697-a425e656b5b0/track_814fa28b-3e83-4436-905a-21f44ef2f018.zip
2021-12-06T19:46:28.000+01:00,ae9088b3-7a30-4698-b776-8fd3fada85f0,https://data.noise-planet.org/raw/ae/90/88/ae9088b3-7a30-4698-b776-8fd3fada85f0/track_44a78806-2691-4c00-944b-17c0ce346530.zip
2021-12-06T19:27:13.000+01:00,a41945bc-4b6c-47cb-8697-a425e656b5b0,https://data.noise-planet.org/raw/a4/19/45/a41945bc-4b6c-47cb-8697-a425e656b5b0/track_3a858044-3bdd-409c-a571-d87ac4fb529a.zip
2021-12-06T19:56:58.000+01:00,4cbddee2-9810-4c17-9255-11e231a7e102,https://data.noise-planet.org/raw/4c/bd/de/4cbddee2-9810-4c17-9255-11e231a7e102/track_a0064363-9c95-4688-99f3-6f6a7119d413.zip
2021-12-06T21:21:16.000+01:00,5aee5958-fdf7-470f-811e-4806b7edfe86,https://data.noise-planet.org/raw/5a/ee/59/5aee5958-fdf7-470f-811e-4806b7edfe86/track_fbc96cf2-364e-4309-bb46-33fd12cb86c2.zip
2021-12-06T21:26:01.000+01:00,5aee5958-fdf7-470f-811e-4806b7edfe86,https://data.noise-planet.org/raw/5a/ee/59/5aee5958-fdf7-470f-811e-4806b7edfe86/track_6c17a2e1-4fb0-41de-916f-bdda29780430.zip
2021-12-06T21:20:24.000+01:00,8340f441-302d-4e38-9323-429d7268bf4e,https://data.noise-planet.org/raw/83/40/f4/8340f441-302d-4e38-9323-429d7268bf4e/track_2c4851a7-1986-4efb-928a-ad0449444829.zip
2021-12-07T10:55:16.000+01:00,029d0993-fa48-4d97-b207-5dbc20279ff3,https://data.noise-planet.org/raw/02/9d/09/029d0993-fa48-4d97-b207-5dbc20279ff3/track_ad601f41-ee03-4ab1-a653-373e93a6c441.zip
2021-12-07T16:36:23.000+01:00,adca6e0e-cedd-4401-b61e-8adf4ff1a11e,https://data.noise-planet.org/raw/ad/ca/6e/adca6e0e-cedd-4401-b61e-8adf4ff1a11e/track_48517629-984a-49b7-8965-39a4f1d9f392.zip
2021-12-07T18:33:00.000+01:00,29f25742-7ae2-4926-8dcc-6be2a446546c,https://data.noise-planet.org/raw/29/f2/57/29f25742-7ae2-4926-8dcc-6be2a446546c/track_9cc8609f-c88e-406b-80ea-a8d7c906be51.zip
2021-12-07T19:16:27.000+01:00,9e5bc3f0-8e03-4345-85a2-df8701617554,https://data.noise-planet.org/raw/9e/5b/c3/9e5bc3f0-8e03-4345-85a2-df8701617554/track_81553e36-faa9-48c3-98e0-e606e86cf6a0.zip
2021-12-07T19:39:27.000+01:00,29f25742-7ae2-4926-8dcc-6be2a446546c,https://data.noise-planet.org/raw/29/f2/57/29f25742-7ae2-4926-8dcc-6be2a446546c/track_7a8bcae2-35fa-4a00-80ce-98ea3ffb3113.zip
2021-12-07T20:44:55.000+01:00,58f96e9d-f84e-4ef4-9b38-e996f022c4c7,https://data.noise-planet.org/raw/58/f9/6e/58f96e9d-f84e-4ef4-9b38-e996f022c4c7/track_700cc0fe-a93d-4af0-8543-e82a9decf88a.zip
2021-12-07T21:04:57.000+01:00,9e5bc3f0-8e03-4345-85a2-df8701617554,https://data.noise-planet.org/raw/9e/5b/c3/9e5bc3f0-8e03-4345-85a2-df8701617554/track_5ac6e008-48f8-4a0b-a936-c999a863a33e.zip
2021-12-08T09:07:35.000+01:00,9e5bc3f0-8e03-4345-85a2-df8701617554,https://data.noise-planet.org/raw/9e/5b/c3/9e5bc3f0-8e03-4345-85a2-df8701617554/track_278f5933-e6cf-4c62-9f0b-74b2851cf001.zip
2021-12-08T09:26:34.000+01:00,cc649e4f-bfd8-4b1e-bd81-733be9388736,https://data.noise-planet.org/raw/cc/64/9e/cc649e4f-bfd8-4b1e-bd81-733be9388736/track_d80e8de5-d5d9-4fc6-8ac9-9397895e7a65.zip
2021-12-08T09:30:02.000+01:00,adca6e0e-cedd-4401-b61e-8adf4ff1a11e,https://data.noise-planet.org/raw/ad/ca/6e/adca6e0e-cedd-4401-b61e-8adf4ff1a11e/track_255657e1-a92c-4e22-9f9c-763b7b2e3355.zip
2021-12-09T08:15:40.000+01:00,8340f441-302d-4e38-9323-429d7268bf4e,https://data.noise-planet.org/raw/83/40/f4/8340f441-302d-4e38-9323-429d7268bf4e/track_f1bf20b1-4b07-4147-b159-f0f4e6588bf5.zip
2021-12-10T11:17:49.000+01:00,cc649e4f-bfd8-4b1e-bd81-733be9388736,https://data.noise-planet.org/raw/cc/64/9e/cc649e4f-bfd8-4b1e-bd81-733be9388736/track_19814517-375e-4aef-8cf5-e1ea25c9a1ef.zip
2021-12-10T11:19:58.000+01:00,cc649e4f-bfd8-4b1e-bd81-733be9388736,https://data.noise-planet.org/raw/cc/64/9e/cc649e4f-bfd8-4b1e-bd81-733be9388736/track_da6ed1e4-3f1f-437f-aff7-ce35d089e8f3.zip
2021-12-10T11:21:52.000+01:00,cc649e4f-bfd8-4b1e-bd81-733be9388736,https://data.noise-planet.org/raw/cc/64/9e/cc649e4f-bfd8-4b1e-bd81-733be9388736/track_183e01cb-3d93-4a80-a4fa-8cf0f250e90e.zip
2021-12-10T11:23:47.000+01:00,cc649e4f-bfd8-4b1e-bd81-733be9388736,https://data.noise-planet.org/raw/cc/64/9e/cc649e4f-bfd8-4b1e-bd81-733be9388736/track_fbcfd290-1bb5-464c-b528-de4b77f80c3e.zip
2021-12-10T11:25:43.000+01:00,cc649e4f-bfd8-4b1e-bd81-733be9388736,https://data.noise-planet.org/raw/cc/64/9e/cc649e4f-bfd8-4b1e-bd81-733be9388736/track_2390151a-8833-4e00-abe3-db878b6b4bc3.zip
2021-12-10T11:28:10.000+01:00,cc649e4f-bfd8-4b1e-bd81-733be9388736,https://data.noise-planet.org/raw/cc/64/9e/cc649e4f-bfd8-4b1e-bd81-733be9388736/track_0c1eca89-b144-4762-97b6-f01b58951bfd.zip
2021-12-10T11:30:17.000+01:00,cc649e4f-bfd8-4b1e-bd81-733be9388736,https://data.noise-planet.org/raw/cc/64/9e/cc649e4f-bfd8-4b1e-bd81-733be9388736/track_976b0e20-5e5d-4805-ad29-01256075fdeb.zip
2021-12-10T11:33:37.000+01:00,cc649e4f-bfd8-4b1e-bd81-733be9388736,https://data.noise-planet.org/raw/cc/64/9e/cc649e4f-bfd8-4b1e-bd81-733be9388736/track_fa5c870d-7152-4329-b921-e9c91cb00683.zip
2021-12-10T11:36:24.000+01:00,cc649e4f-bfd8-4b1e-bd81-733be9388736,https://data.noise-planet.org/raw/cc/64/9e/cc649e4f-bfd8-4b1e-bd81-733be9388736/track_9ee55eca-12a8-4980-a0cf-61d49b1ae48d.zip
2021-12-10T11:38:33.000+01:00,cc649e4f-bfd8-4b1e-bd81-733be9388736,https://data.noise-planet.org/raw/cc/64/9e/cc649e4f-bfd8-4b1e-bd81-733be9388736/track_d1d610a8-abcd-47f3-ac23-53d80513322c.zip
2021-12-10T11:40:29.000+01:00,cc649e4f-bfd8-4b1e-bd81-733be9388736,https://data.noise-planet.org/raw/cc/64/9e/cc649e4f-bfd8-4b1e-bd81-733be9388736/track_fad2ff73-e1d8-4bc7-94f3-4dd2e7440c4a.zip
2021-12-10T11:43:21.000+01:00,cc649e4f-bfd8-4b1e-bd81-733be9388736,https://data.noise-planet.org/raw/cc/64/9e/cc649e4f-bfd8-4b1e-bd81-733be9388736/track_0f25f700-f59c-4327-bc71-6bf329a77c5b.zip
2021-12-11T11:41:33.000+01:00,9e5bc3f0-8e03-4345-85a2-df8701617554,https://data.noise-planet.org/raw/9e/5b/c3/9e5bc3f0-8e03-4345-85a2-df8701617554/track_cdfdced7-ae3e-4693-9c56-b5006f26ce6f.zip
2021-12-11T12:31:22.000+01:00,9e5bc3f0-8e03-4345-85a2-df8701617554,https://data.noise-planet.org/raw/9e/5b/c3/9e5bc3f0-8e03-4345-85a2-df8701617554/track_37cce0de-2d32-4ca7-a670-5750b54ae51d.zip
2021-12-11T13:02:53.000+01:00,9e5bc3f0-8e03-4345-85a2-df8701617554,https://data.noise-planet.org/raw/9e/5b/c3/9e5bc3f0-8e03-4345-85a2-df8701617554/track_c48ec97f-084e-47ec-baea-44d55699a793.zip
2021-12-11T13:23:55.000+01:00,9e5bc3f0-8e03-4345-85a2-df8701617554,https://data.noise-planet.org/raw/9e/5b/c3/9e5bc3f0-8e03-4345-85a2-df8701617554/track_79ce8395-7b40-4401-8772-8b8f8046d10c.zip
2021-12-12T16:09:43.000+01:00,97e32227-1faa-48be-9390-902f037e0291,https://data.noise-planet.org/raw/97/e3/22/97e32227-1faa-48be-9390-902f037e0291/track_705adf07-e84a-449b-91bc-2a0691d466b6.zip
2021-12-12T16:14:46.000+01:00,97e32227-1faa-48be-9390-902f037e0291,https://data.noise-planet.org/raw/97/e3/22/97e32227-1faa-48be-9390-902f037e0291/track_4c31d395-50d6-4140-8eb7-ac1334662444.zip
2021-12-13T15:05:18.000+01:00,3ca1943c-762c-4c80-84e5-a7f3a00b88aa,https://data.noise-planet.org/raw/3c/a1/94/3ca1943c-762c-4c80-84e5-a7f3a00b88aa/track_41139512-ba5e-407b-803f-6c0a72da44a9.zip
2021-12-13T15:08:24.000+01:00,3ca1943c-762c-4c80-84e5-a7f3a00b88aa,https://data.noise-planet.org/raw/3c/a1/94/3ca1943c-762c-4c80-84e5-a7f3a00b88aa/track_de17e3cf-4e82-454c-a7b4-a87e2561eee4.zip
2021-12-13T15:31:08.000+01:00,3ca1943c-762c-4c80-84e5-a7f3a00b88aa,https://data.noise-planet.org/raw/3c/a1/94/3ca1943c-762c-4c80-84e5-a7f3a00b88aa/track_170a98e1-4926-48c6-ba21-23db91392790.zip
2021-12-13T15:52:04.000+01:00,9e5bc3f0-8e03-4345-85a2-df8701617554,https://data.noise-planet.org/raw/9e/5b/c3/9e5bc3f0-8e03-4345-85a2-df8701617554/track_14436a9e-0e48-4eb0-8175-4c0b955578f2.zip
2021-12-13T17:57:20.000+01:00,8ecba1bd-9e08-4215-a191-05d798f78352,https://data.noise-planet.org/raw/8e/cb/a1/8ecba1bd-9e08-4215-a191-05d798f78352/track_49cf711c-d9f7-4540-9605-16386710b718.zip
2021-12-14T08:52:32.000+01:00,8ecba1bd-9e08-4215-a191-05d798f78352,https://data.noise-planet.org/raw/8e/cb/a1/8ecba1bd-9e08-4215-a191-05d798f78352/track_5d770de3-f60a-470d-ab04-ad09c2ce7d3a.zip
2021-12-14T16:18:31.000+01:00,d9e71fd0-4629-45f9-8d5c-acd0f53bc747,https://data.noise-planet.org/raw/d9/e7/1f/d9e71fd0-4629-45f9-8d5c-acd0f53bc747/track_44af2dd5-3814-49ed-8a05-d92c334dc188.zip
2021-12-14T19:17:29.000+01:00,9e5bc3f0-8e03-4345-85a2-df8701617554,https://data.noise-planet.org/raw/9e/5b/c3/9e5bc3f0-8e03-4345-85a2-df8701617554/track_f38bf8d3-92ef-4e19-b668-6d32a422be4e.zip
2021-12-01T14:57:55.000+01:00,d25806b5-512d-4e0d-9c06-c3fe2b448270,https://data.noise-planet.org/raw/d2/58/06/d25806b5-512d-4e0d-9c06-c3fe2b448270/track_6b870a85-a3fe-4f2d-adc6-eab6380281a8.zip
2021-12-01T16:00:21.000+01:00,d9e71fd0-4629-45f9-8d5c-acd0f53bc747,https://data.noise-planet.org/raw/d9/e7/1f/d9e71fd0-4629-45f9-8d5c-acd0f53bc747/track_ea7df28d-dfe0-4c43-a42f-3cbe97b71214.zip
2021-12-01T16:14:46.000+01:00,d9e71fd0-4629-45f9-8d5c-acd0f53bc747,https://data.noise-planet.org/raw/d9/e7/1f/d9e71fd0-4629-45f9-8d5c-acd0f53bc747/track_afd23c61-c2e0-44b9-9362-8de9deda31b9.zip
2021-12-02T07:48:24.000+01:00,8340f441-302d-4e38-9323-429d7268bf4e,https://data.noise-planet.org/raw/83/40/f4/8340f441-302d-4e38-9323-429d7268bf4e/track_c148a14e-62cb-4ca0-817a-9a03142f3d75.zip
2021-12-02T08:54:14.000+01:00,d9e71fd0-4629-45f9-8d5c-acd0f53bc747,https://data.noise-planet.org/raw/d9/e7/1f/d9e71fd0-4629-45f9-8d5c-acd0f53bc747/track_408d120e-7d61-4447-9202-189aa9fb7937.zip
2021-12-02T20:27:59.000+01:00,8340f441-302d-4e38-9323-429d7268bf4e,https://data.noise-planet.org/raw/83/40/f4/8340f441-302d-4e38-9323-429d7268bf4e/track_423ee0f9-a88c-4da1-9788-9f048daab0bc.zip
2021-12-03T08:22:02.000+01:00,8340f441-302d-4e38-9323-429d7268bf4e,https://data.noise-planet.org/raw/83/40/f4/8340f441-302d-4e38-9323-429d7268bf4e/track_167c7b1c-43be-4aa5-8774-194729b1f4ca.zip
2021-12-03T18:05:33.000+01:00,8340f441-302d-4e38-9323-429d7268bf4e,https://data.noise-planet.org/raw/83/40/f4/8340f441-302d-4e38-9323-429d7268bf4e/track_d398e8ca-4bf7-42c1-8e68-9d82b06e58d2.zip
2021-12-04T13:56:24.000+01:00,8a07ea39-1384-4449-a7b1-50b07d952b30,https://data.noise-planet.org/raw/8a/07/ea/8a07ea39-1384-4449-a7b1-50b07d952b30/track_f81387ff-4a96-42ef-9f4f-c601b26f43c1.zip
2021-12-04T13:56:31.000+01:00,9e5bc3f0-8e03-4345-85a2-df8701617554,https://data.noise-planet.org/raw/9e/5b/c3/9e5bc3f0-8e03-4345-85a2-df8701617554/track_8c2558ae-7f17-4446-98dd-ba86e14c9c80.zip
2021-12-04T14:51:10.000+01:00,cc649e4f-bfd8-4b1e-bd81-733be9388736,https://data.noise-planet.org/raw/cc/64/9e/cc649e4f-bfd8-4b1e-bd81-733be9388736/track_003fe656-773e-49fb-8b62-23a9be7ee86f.zip
2021-12-04T14:54:17.000+01:00,cc649e4f-bfd8-4b1e-bd81-733be9388736,https://data.noise-planet.org/raw/cc/64/9e/cc649e4f-bfd8-4b1e-bd81-733be9388736/track_d120a361-e5be-4f2a-a360-c59eed50766b.zip
2021-12-04T15:03:07.000+01:00,cc649e4f-bfd8-4b1e-bd81-733be9388736,https://data.noise-planet.org/raw/cc/64/9e/cc649e4f-bfd8-4b1e-bd81-733be9388736/track_24427bd7-565b-473e-b8fa-5c6f652eb8fd.zip
2021-12-04T15:00:04.000+01:00,8340f441-302d-4e38-9323-429d7268bf4e,https://data.noise-planet.org/raw/83/40/f4/8340f441-302d-4e38-9323-429d7268bf4e/track_dc8901ee-3a72-4e85-9719-c82344fcf205.zip
2021-12-04T15:08:43.000+01:00,cc649e4f-bfd8-4b1e-bd81-733be9388736,https://data.noise-planet.org/raw/cc/64/9e/cc649e4f-bfd8-4b1e-bd81-733be9388736/track_e5113b5f-1065-4ca1-b1a8-02d4c8f7ab9e.zip
2021-12-04T15:14:36.000+01:00,cc649e4f-bfd8-4b1e-bd81-733be9388736,https://data.noise-planet.org/raw/cc/64/9e/cc649e4f-bfd8-4b1e-bd81-733be9388736/track_9da176ad-17d4-4ef8-9b79-03cb26455beb.zip
2021-12-04T15:26:49.000+01:00,cc649e4f-bfd8-4b1e-bd81-733be9388736,https://data.noise-planet.org/raw/cc/64/9e/cc649e4f-bfd8-4b1e-bd81-733be9388736/track_f403b435-7898-41a1-932a-9995760a0376.zip
2021-12-04T16:04:30.000+01:00,c1c1b695-b9fe-4771-b1a7-d3dfe1a078ea,https://data.noise-planet.org/raw/c1/c1/b6/c1c1b695-b9fe-4771-b1a7-d3dfe1a078ea/track_35ce0a76-149e-48f2-85ae-5fea45b9c281.zip
2021-12-04T16:32:47.000+01:00,97e32227-1faa-48be-9390-902f037e0291,https://data.noise-planet.org/raw/97/e3/22/97e32227-1faa-48be-9390-902f037e0291/track_0d86689a-af5f-4c99-8ca5-e60de13f4c36.zip
2021-12-04T17:24:04.000+01:00,32ccc85e-5dd4-46da-93a5-82ec70eafc6d,https://data.noise-planet.org/raw/32/cc/c8/32ccc85e-5dd4-46da-93a5-82ec70eafc6d/track_249a4855-7920-42cb-8d68-5ea3705400c7.zip
2021-12-04T18:28:12.000+01:00,cc649e4f-bfd8-4b1e-bd81-733be9388736,https://data.noise-planet.org/raw/cc/64/9e/cc649e4f-bfd8-4b1e-bd81-733be9388736/track_e356544e-0854-4827-9daf-f40f46965ce7.zip
2021-12-05T14:04:22.000+01:00,c1c1b695-b9fe-4771-b1a7-d3dfe1a078ea,https://data.noise-planet.org/raw/c1/c1/b6/c1c1b695-b9fe-4771-b1a7-d3dfe1a078ea/track_24417b76-6531-4fcd-b7e5-7e4267678688.zip
2021-12-05T15:30:30.000+01:00,2f32ad90-ec3f-4457-bb1a-322779907e44,https://data.noise-planet.org/raw/2f/32/ad/2f32ad90-ec3f-4457-bb1a-322779907e44/track_beba64c0-f984-4c77-adad-1e38124181bb.zip
2021-12-05T15:42:36.000+01:00,2f32ad90-ec3f-4457-bb1a-322779907e44,https://data.noise-planet.org/raw/2f/32/ad/2f32ad90-ec3f-4457-bb1a-322779907e44/track_468499ec-c0ce-43b7-a146-2aa16175c4fc.zip
2021-12-06T10:41:42.000+01:00,cc649e4f-bfd8-4b1e-bd81-733be9388736,https://data.noise-planet.org/raw/cc/64/9e/cc649e4f-bfd8-4b1e-bd81-733be9388736/track_4a3b0665-2a0b-41d2-9f35-437c93d69ffa.zip
2021-12-06T10:44:15.000+01:00,cc649e4f-bfd8-4b1e-bd81-733be9388736,https://data.noise-planet.org/raw/cc/64/9e/cc649e4f-bfd8-4b1e-bd81-733be9388736/track_d8379b63-abe8-42b1-b124-629b78f45e3c.zip
2021-12-06T10:47:02.000+01:00,cc649e4f-bfd8-4b1e-bd81-733be9388736,https://data.noise-planet.org/raw/cc/64/9e/cc649e4f-bfd8-4b1e-bd81-733be9388736/track_d0fa7d86-5157-40ca-84ff-6ad76e8fbd05.zip
2021-12-06T10:50:26.000+01:00,cc649e4f-bfd8-4b1e-bd81-733be9388736,https://data.noise-planet.org/raw/cc/64/9e/cc649e4f-bfd8-4b1e-bd81-733be9388736/track_9ccf8d37-7f98-4269-a26c-977cb116e03e.zip
2021-12-06T10:52:35.000+01:00,cc649e4f-bfd8-4b1e-bd81-733be9388736,https://data.noise-planet.org/raw/cc/64/9e/cc649e4f-bfd8-4b1e-bd81-733be9388736/track_5c72da12-aa91-4070-839a-c89f0b42fb88.zip
2021-12-06T10:54:27.000+01:00,cc649e4f-bfd8-4b1e-bd81-733be9388736,https://data.noise-planet.org/raw/cc/64/9e/cc649e4f-bfd8-4b1e-bd81-733be9388736/track_4a1d20fe-f158-424c-a579-5d035da143a2.zip
2021-12-06T10:57:08.000+01:00,cc649e4f-bfd8-4b1e-bd81-733be9388736,https://data.noise-planet.org/raw/cc/64/9e/cc649e4f-bfd8-4b1e-bd81-733be9388736/track_64f41d87-e0f3-45d2-91ec-b17d67b9e389.zip
2021-12-06T10:58:53.000+01:00,cc649e4f-bfd8-4b1e-bd81-733be9388736,https://data.noise-planet.org/raw/cc/64/9e/cc649e4f-bfd8-4b1e-bd81-733be9388736/track_9c845b70-2cfb-49f8-ba94-8e7416f9d9e3.zip
2021-12-06T11:01:05.000+01:00,cc649e4f-bfd8-4b1e-bd81-733be9388736,https://data.noise-planet.org/raw/cc/64/9e/cc649e4f-bfd8-4b1e-bd81-733be9388736/track_4b9ffcfe-195c-4c9a-972d-263de6748186.zip
2021-12-06T11:03:10.000+01:00,cc649e4f-bfd8-4b1e-bd81-733be9388736,https://data.noise-planet.org/raw/cc/64/9e/cc649e4f-bfd8-4b1e-bd81-733be9388736/track_c4a5713e-f05d-4ab2-8013-5c7a6f3cf40f.zip
2021-12-06T11:05:10.000+01:00,cc649e4f-bfd8-4b1e-bd81-733be9388736,https://data.noise-planet.org/raw/cc/64/9e/cc649e4f-bfd8-4b1e-bd81-733be9388736/track_0dfc9631-1e7e-41a0-a484-741a7f5db44d.zip
2021-12-06T11:07:24.000+01:00,cc649e4f-bfd8-4b1e-bd81-733be9388736,https://data.noise-planet.org/raw/cc/64/9e/cc649e4f-bfd8-4b1e-bd81-733be9388736/track_c4d7c69c-539b-4fe1-9dff-7d899e949d69.zip
2021-12-06T11:09:45.000+01:00,cc649e4f-bfd8-4b1e-bd81-733be9388736,https://data.noise-planet.org/raw/cc/64/9e/cc649e4f-bfd8-4b1e-bd81-733be9388736/track_d94c16b1-4684-498e-8977-809bfac5bddb.zip
2021-12-06T11:11:28.000+01:00,cc649e4f-bfd8-4b1e-bd81-733be9388736,https://data.noise-planet.org/raw/cc/64/9e/cc649e4f-bfd8-4b1e-bd81-733be9388736/track_0afe7833-5ac6-4110-b73e-8026ed423710.zip
2021-12-06T11:14:40.000+01:00,cc649e4f-bfd8-4b1e-bd81-733be9388736,https://data.noise-planet.org/raw/cc/64/9e/cc649e4f-bfd8-4b1e-bd81-733be9388736/track_511eadf7-95ae-4b28-9fba-954a65efe535.zip
2021-12-06T11:16:32.000+01:00,2f32ad90-ec3f-4457-bb1a-322779907e44,https://data.noise-planet.org/raw/2f/32/ad/2f32ad90-ec3f-4457-bb1a-322779907e44/track_e7afe461-63d1-4e78-92f7-a4e708793d84.zip
2021-12-06T14:39:17.000+01:00,97e32227-1faa-48be-9390-902f037e0291,https://data.noise-planet.org/raw/97/e3/22/97e32227-1faa-48be-9390-902f037e0291/track_d6d5921c-b1c0-4a45-bea2-8c52c9efb472.zip
2021-12-06T14:55:46.000+01:00,97e32227-1faa-48be-9390-902f037e0291,https://data.noise-planet.org/raw/97/e3/22/97e32227-1faa-48be-9390-902f037e0291/track_322e245b-8607-43b1-bba7-a6995ed7189d.zip
2021-12-06T14:56:31.000+01:00,97e32227-1faa-48be-9390-902f037e0291,https://data.noise-planet.org/raw/97/e3/22/97e32227-1faa-48be-9390-902f037e0291/track_ea1d68a4-19bf-4480-891b-35fd8d687c66.zip
2021-12-06T14:57:42.000+01:00,97e32227-1faa-48be-9390-902f037e0291,https://data.noise-planet.org/raw/97/e3/22/97e32227-1faa-48be-9390-902f037e0291/track_9df12a2c-5615-4762-b07e-ae9d52cc2aae.zip
2021-12-06T15:09:50.000+01:00,97e32227-1faa-48be-9390-902f037e0291,https://data.noise-planet.org/raw/97/e3/22/97e32227-1faa-48be-9390-902f037e0291/track_981e5470-1513-46ba-b9f4-d1b50ab3b606.zip
2021-12-06T15:20:31.000+01:00,97e32227-1faa-48be-9390-902f037e0291,https://data.noise-planet.org/raw/97/e3/22/97e32227-1faa-48be-9390-902f037e0291/track_29b9c0d2-e651-4e96-bc56-50f47243fd38.zip
2021-12-06T16:39:51.000+01:00,cc649e4f-bfd8-4b1e-bd81-733be9388736,https://data.noise-planet.org/raw/cc/64/9e/cc649e4f-bfd8-4b1e-bd81-733be9388736/track_c53fff4a-5374-4d4a-acff-e9882daf3126.zip
2021-12-06T16:41:42.000+01:00,cc649e4f-bfd8-4b1e-bd81-733be9388736,https://data.noise-planet.org/raw/cc/64/9e/cc649e4f-bfd8-4b1e-bd81-733be9388736/track_a59b342d-ba16-4b13-a2cc-82f576a44fca.zip
2021-12-06T16:43:50.000+01:00,cc649e4f-bfd8-4b1e-bd81-733be9388736,https://data.noise-planet.org/raw/cc/64/9e/cc649e4f-bfd8-4b1e-bd81-733be9388736/track_b168e9ac-c82e-4d5b-891b-7e32fd12f63a.zip
2021-12-06T16:45:55.000+01:00,cc649e4f-bfd8-4b1e-bd81-733be9388736,https://data.noise-planet.org/raw/cc/64/9e/cc649e4f-bfd8-4b1e-bd81-733be9388736/track_ae03f742-c9e0-4362-9cb3-9c742999fe7d.zip
2021-12-06T16:47:59.000+01:00,cc649e4f-bfd8-4b1e-bd81-733be9388736,https://data.noise-planet.org/raw/cc/64/9e/cc649e4f-bfd8-4b1e-bd81-733be9388736/track_283820ed-84f0-47ba-8fc6-350189b591ea.zip
2021-12-06T16:49:59.000+01:00,cc649e4f-bfd8-4b1e-bd81-733be9388736,https://data.noise-planet.org/raw/cc/64/9e/cc649e4f-bfd8-4b1e-bd81-733be9388736/track_a38935dc-3480-4ca3-aeb9-1bd1b279d946.zip
2021-12-06T16:51:45.000+01:00,cc649e4f-bfd8-4b1e-bd81-733be9388736,https://data.noise-planet.org/raw/cc/64/9e/cc649e4f-bfd8-4b1e-bd81-733be9388736/track_8fa0b3bc-fa25-47ad-98eb-c1ee4fa1124f.zip
2021-12-06T16:53:32.000+01:00,cc649e4f-bfd8-4b1e-bd81-733be9388736,https://data.noise-planet.org/raw/cc/64/9e/cc649e4f-bfd8-4b1e-bd81-733be9388736/track_dd1089a8-5f30-4e1a-ac34-0c7cdb2c3804.zip
2021-12-06T16:55:47.000+01:00,cc649e4f-bfd8-4b1e-bd81-733be9388736,https://data.noise-planet.org/raw/cc/64/9e/cc649e4f-bfd8-4b1e-bd81-733be9388736/track_c3728cb1-55b6-4878-8682-2af6e1298f57.zip
2021-12-06T23:54:28.000+01:00,029d0993-fa48-4d97-b207-5dbc20279ff3,https://data.noise-planet.org/raw/02/9d/09/029d0993-fa48-4d97-b207-5dbc20279ff3/track_4d7458b7-7db8-4fb2-839e-b224f71c46a1.zip
2021-12-07T06:42:49.000+01:00,8340f441-302d-4e38-9323-429d7268bf4e,https://data.noise-planet.org/raw/83/40/f4/8340f441-302d-4e38-9323-429d7268bf4e/track_c37248a6-27e6-46d1-b1fa-a7128b28a81a.zip
2021-12-07T09:06:50.000+01:00,cc649e4f-bfd8-4b1e-bd81-733be9388736,https://data.noise-planet.org/raw/cc/64/9e/cc649e4f-bfd8-4b1e-bd81-733be9388736/track_4307eb88-8d63-41da-9c04-01152755f910.zip
2021-12-07T09:08:45.000+01:00,cc649e4f-bfd8-4b1e-bd81-733be9388736,https://data.noise-planet.org/raw/cc/64/9e/cc649e4f-bfd8-4b1e-bd81-733be9388736/track_f7039fb6-4b93-4e0c-8094-d9f1ee2d2991.zip
2021-12-07T09:10:44.000+01:00,cc649e4f-bfd8-4b1e-bd81-733be9388736,https://data.noise-planet.org/raw/cc/64/9e/cc649e4f-bfd8-4b1e-bd81-733be9388736/track_69d5a319-de82-4fc2-a4d4-401194f66a1b.zip
2021-12-07T09:12:47.000+01:00,cc649e4f-bfd8-4b1e-bd81-733be9388736,https://data.noise-planet.org/raw/cc/64/9e/cc649e4f-bfd8-4b1e-bd81-733be9388736/track_88e7ca36-2fea-4960-a103-283c98e6037a.zip
2021-12-07T09:14:50.000+01:00,cc649e4f-bfd8-4b1e-bd81-733be9388736,https://data.noise-planet.org/raw/cc/64/9e/cc649e4f-bfd8-4b1e-bd81-733be9388736/track_41d7cc98-3d51-4d10-b5a3-eb0608229f0f.zip
2021-12-07T09:16:59.000+01:00,cc649e4f-bfd8-4b1e-bd81-733be9388736,https://data.noise-planet.org/raw/cc/64/9e/cc649e4f-bfd8-4b1e-bd81-733be9388736/track_33f51c2d-929b-43b8-97e5-abc87e0095d4.zip
2021-12-07T09:21:48.000+01:00,cc649e4f-bfd8-4b1e-bd81-733be9388736,https://data.noise-planet.org/raw/cc/64/9e/cc649e4f-bfd8-4b1e-bd81-733be9388736/track_d3c801b5-4992-4250-8d09-42a06193f0b7.zip
2021-12-07T09:24:56.000+01:00,cc649e4f-bfd8-4b1e-bd81-733be9388736,https://data.noise-planet.org/raw/cc/64/9e/cc649e4f-bfd8-4b1e-bd81-733be9388736/track_a842db49-ad9e-4079-84f7-9cf2dbbaf18c.zip
2021-12-07T09:27:39.000+01:00,cc649e4f-bfd8-4b1e-bd81-733be9388736,https://data.noise-planet.org/raw/cc/64/9e/cc649e4f-bfd8-4b1e-bd81-733be9388736/track_653b1309-608e-4e0a-b745-512826b6ef25.zip
2021-12-07T09:29:59.000+01:00,cc649e4f-bfd8-4b1e-bd81-733be9388736,https://data.noise-planet.org/raw/cc/64/9e/cc649e4f-bfd8-4b1e-bd81-733be9388736/track_8c15888d-ca6d-42ef-a4e6-0af6dae006af.zip
2021-12-07T09:32:05.000+01:00,cc649e4f-bfd8-4b1e-bd81-733be9388736,https://data.noise-planet.org/raw/cc/64/9e/cc649e4f-bfd8-4b1e-bd81-733be9388736/track_ffd59798-bd07-4449-acc6-8482f95fd4fd.zip
2021-12-07T09:35:18.000+01:00,cc649e4f-bfd8-4b1e-bd81-733be9388736,https://data.noise-planet.org/raw/cc/64/9e/cc649e4f-bfd8-4b1e-bd81-733be9388736/track_93ccb7f8-d4ae-4314-9bf9-57e70f1f4a60.zip
2021-12-07T09:37:35.000+01:00,cc649e4f-bfd8-4b1e-bd81-733be9388736,https://data.noise-planet.org/raw/cc/64/9e/cc649e4f-bfd8-4b1e-bd81-733be9388736/track_2d482bb2-2b7b-410a-a143-285c7d1a8ee5.zip
2021-12-07T09:40:51.000+01:00,cc649e4f-bfd8-4b1e-bd81-733be9388736,https://data.noise-planet.org/raw/cc/64/9e/cc649e4f-bfd8-4b1e-bd81-733be9388736/track_fef052d3-174a-4ec5-a846-cc158c7e4560.zip
2021-12-07T09:54:00.000+01:00,cc649e4f-bfd8-4b1e-bd81-733be9388736,https://data.noise-planet.org/raw/cc/64/9e/cc649e4f-bfd8-4b1e-bd81-733be9388736/track_49d7a32a-a8e6-4afe-9632-b0fe654ad88a.zip
2021-12-07T09:53:59.000+01:00,2d6c8746-5fd7-46c1-974c-8f943b9391b7,https://data.noise-planet.org/raw/2d/6c/87/2d6c8746-5fd7-46c1-974c-8f943b9391b7/track_0ac563a2-97ca-4543-93fb-4adf1ee8ee36.zip
2021-12-07T09:56:06.000+01:00,cc649e4f-bfd8-4b1e-bd81-733be9388736,https://data.noise-planet.org/raw/cc/64/9e/cc649e4f-bfd8-4b1e-bd81-733be9388736/track_3581c82a-cd67-41be-8a52-3283ba9c74b8.zip
2021-12-07T10:00:45.000+01:00,2d6c8746-5fd7-46c1-974c-8f943b9391b7,https://data.noise-planet.org/raw/2d/6c/87/2d6c8746-5fd7-46c1-974c-8f943b9391b7/track_1066745e-1b5e-4eb3-ab8c-30908e7a1f14.zip
2021-12-07T10:03:27.000+01:00,2d6c8746-5fd7-46c1-974c-8f943b9391b7,https://data.noise-planet.org/raw/2d/6c/87/2d6c8746-5fd7-46c1-974c-8f943b9391b7/track_2966d848-c95c-46ca-86ce-b9fa63bededd.zip
2021-12-07T10:29:39.000+01:00,cc649e4f-bfd8-4b1e-bd81-733be9388736,https://data.noise-planet.org/raw/cc/64/9e/cc649e4f-bfd8-4b1e-bd81-733be9388736/track_af6fb77d-df32-4101-8a62-420f02410e77.zip
2021-12-07T10:31:46.000+01:00,cc649e4f-bfd8-4b1e-bd81-733be9388736,https://data.noise-planet.org/raw/cc/64/9e/cc649e4f-bfd8-4b1e-bd81-733be9388736/track_a3e150e4-e8a4-47b8-a081-e2538396b155.zip
2021-12-07T10:34:27.000+01:00,cc649e4f-bfd8-4b1e-bd81-733be9388736,https://data.noise-planet.org/raw/cc/64/9e/cc649e4f-bfd8-4b1e-bd81-733be9388736/track_1943544b-f5e1-4f33-b401-2419b8ab8f1b.zip
2021-12-07T10:41:46.000+01:00,cc649e4f-bfd8-4b1e-bd81-733be9388736,https://data.noise-planet.org/raw/cc/64/9e/cc649e4f-bfd8-4b1e-bd81-733be9388736/track_4c000a16-ef72-48c2-946f-e88eea3ebef8.zip
2021-12-07T10:46:33.000+01:00,cc649e4f-bfd8-4b1e-bd81-733be9388736,https://data.noise-planet.org/raw/cc/64/9e/cc649e4f-bfd8-4b1e-bd81-733be9388736/track_daebfdfe-0daa-45fa-a461-cc3a14cd1f8e.zip
2021-12-07T10:43:54.000+01:00,cc649e4f-bfd8-4b1e-bd81-733be9388736,https://data.noise-planet.org/raw/cc/64/9e/cc649e4f-bfd8-4b1e-bd81-733be9388736/track_3b954175-eea7-475c-82b9-0b87b10649da.zip
2021-12-07T10:49:59.000+01:00,cc649e4f-bfd8-4b1e-bd81-733be9388736,https://data.noise-planet.org/raw/cc/64/9e/cc649e4f-bfd8-4b1e-bd81-733be9388736/track_606d2863-b921-4e86-9f9d-bb23ff541187.zip
2021-12-07T10:52:30.000+01:00,cc649e4f-bfd8-4b1e-bd81-733be9388736,https://data.noise-planet.org/raw/cc/64/9e/cc649e4f-bfd8-4b1e-bd81-733be9388736/track_2b9bf90b-bb5f-484c-b596-3caa42370384.zip
2021-12-07T10:54:55.000+01:00,cc649e4f-bfd8-4b1e-bd81-733be9388736,https://data.noise-planet.org/raw/cc/64/9e/cc649e4f-bfd8-4b1e-bd81-733be9388736/track_a3c0a4b1-45d9-4df8-9b13-718953dd61bb.zip
2021-12-07T10:57:45.000+01:00,cc649e4f-bfd8-4b1e-bd81-733be9388736,https://data.noise-planet.org/raw/cc/64/9e/cc649e4f-bfd8-4b1e-bd81-733be9388736/track_176d65ff-417a-4688-8f8c-af3af398ab0c.zip
2021-12-07T11:01:26.000+01:00,cc649e4f-bfd8-4b1e-bd81-733be9388736,https://data.noise-planet.org/raw/cc/64/9e/cc649e4f-bfd8-4b1e-bd81-733be9388736/track_cbd9de82-3e48-40c1-bd57-d8dbfb915ad7.zip
2021-12-07T11:04:11.000+01:00,cc649e4f-bfd8-4b1e-bd81-733be9388736,https://data.noise-planet.org/raw/cc/64/9e/cc649e4f-bfd8-4b1e-bd81-733be9388736/track_e1058962-ccc7-413b-8c2a-a4029e19e5e3.zip
2021-12-07T11:06:33.000+01:00,cc649e4f-bfd8-4b1e-bd81-733be9388736,https://data.noise-planet.org/raw/cc/64/9e/cc649e4f-bfd8-4b1e-bd81-733be9388736/track_ed1de573-90c4-4857-b71b-3c2f68a92097.zip
2021-12-07T11:11:57.000+01:00,cc649e4f-bfd8-4b1e-bd81-733be9388736,https://data.noise-planet.org/raw/cc/64/9e/cc649e4f-bfd8-4b1e-bd81-733be9388736/track_9d529a02-9298-4a21-a9c3-624e7cc9edfb.zip
2021-12-07T11:15:03.000+01:00,cc649e4f-bfd8-4b1e-bd81-733be9388736,https://data.noise-planet.org/raw/cc/64/9e/cc649e4f-bfd8-4b1e-bd81-733be9388736/track_f79ca789-6e55-4643-b811-575951f77299.zip
2021-12-07T11:19:42.000+01:00,cc649e4f-bfd8-4b1e-bd81-733be9388736,https://data.noise-planet.org/raw/cc/64/9e/cc649e4f-bfd8-4b1e-bd81-733be9388736/track_16f35d1f-f218-4fa7-96fe-67a5f7055a35.zip
2021-12-07T11:21:53.000+01:00,cc649e4f-bfd8-4b1e-bd81-733be9388736,https://data.noise-planet.org/raw/cc/64/9e/cc649e4f-bfd8-4b1e-bd81-733be9388736/track_fe08dbf9-f63b-450b-9fc5-854aae42540e.zip
2021-12-07T11:25:22.000+01:00,cc649e4f-bfd8-4b1e-bd81-733be9388736,https://data.noise-planet.org/raw/cc/64/9e/cc649e4f-bfd8-4b1e-bd81-733be9388736/track_6bf03038-a483-4a67-a9f0-f32432dd5dd4.zip
2021-12-07T08:36:26.000+01:00,05fefa61-9006-45fe-88df-5d25b6549235,https://data.noise-planet.org/raw/05/fe/fa/05fefa61-9006-45fe-88df-5d25b6549235/track_8bd8b516-b908-4122-abdc-548ca1a83783.zip
2021-12-07T11:29:25.000+01:00,05fefa61-9006-45fe-88df-5d25b6549235,https://data.noise-planet.org/raw/05/fe/fa/05fefa61-9006-45fe-88df-5d25b6549235/track_84603de1-ecc6-4ad3-aa8b-61650d865d56.zip
2021-12-08T09:29:02.000+01:00,cc649e4f-bfd8-4b1e-bd81-733be9388736,https://data.noise-planet.org/raw/cc/64/9e/cc649e4f-bfd8-4b1e-bd81-733be9388736/track_5517e1b7-55f5-4c50-96c3-61522ca103da.zip
2021-12-08T09:30:51.000+01:00,cc649e4f-bfd8-4b1e-bd81-733be9388736,https://data.noise-planet.org/raw/cc/64/9e/cc649e4f-bfd8-4b1e-bd81-733be9388736/track_c5634ddc-7fd3-4bce-8300-a08c3a95eb0d.zip
2021-12-08T09:32:43.000+01:00,cc649e4f-bfd8-4b1e-bd81-733be9388736,https://data.noise-planet.org/raw/cc/64/9e/cc649e4f-bfd8-4b1e-bd81-733be9388736/track_9bccebc8-3db8-4e68-a7cb-2be179cc5817.zip
2021-12-08T09:34:08.000+01:00,cc649e4f-bfd8-4b1e-bd81-733be9388736,https://data.noise-planet.org/raw/cc/64/9e/cc649e4f-bfd8-4b1e-bd81-733be9388736/track_2e661809-aa1d-44a5-a0b8-ea0ad5087c03.zip
2021-12-08T09:37:30.000+01:00,cc649e4f-bfd8-4b1e-bd81-733be9388736,https://data.noise-planet.org/raw/cc/64/9e/cc649e4f-bfd8-4b1e-bd81-733be9388736/track_d6e74e48-586e-4f48-9e85-11c9b9f507ba.zip
2021-12-08T09:39:36.000+01:00,cc649e4f-bfd8-4b1e-bd81-733be9388736,https://data.noise-planet.org/raw/cc/64/9e/cc649e4f-bfd8-4b1e-bd81-733be9388736/track_1c0a1511-2fce-4fe8-bacf-3b6112f8f9ab.zip
2021-12-08T09:42:03.000+01:00,adca6e0e-cedd-4401-b61e-8adf4ff1a11e,https://data.noise-planet.org/raw/ad/ca/6e/adca6e0e-cedd-4401-b61e-8adf4ff1a11e/track_9d87cd0e-e485-4af7-bb23-f835f39cf899.zip
2021-12-08T09:43:01.000+01:00,adca6e0e-cedd-4401-b61e-8adf4ff1a11e,https://data.noise-planet.org/raw/ad/ca/6e/adca6e0e-cedd-4401-b61e-8adf4ff1a11e/track_952759e6-393d-424a-a309-b332dea01886.zip
2021-12-08T09:42:54.000+01:00,cc649e4f-bfd8-4b1e-bd81-733be9388736,https://data.noise-planet.org/raw/cc/64/9e/cc649e4f-bfd8-4b1e-bd81-733be9388736/track_e2634f70-d257-4390-8ba5-43c286af91e1.zip
2021-12-08T09:46:33.000+01:00,cc649e4f-bfd8-4b1e-bd81-733be9388736,https://data.noise-planet.org/raw/cc/64/9e/cc649e4f-bfd8-4b1e-bd81-733be9388736/track_562a3da9-fce5-4f02-86fc-cdc6f1a4c40e.zip
2021-12-08T09:49:20.000+01:00,cc649e4f-bfd8-4b1e-bd81-733be9388736,https://data.noise-planet.org/raw/cc/64/9e/cc649e4f-bfd8-4b1e-bd81-733be9388736/track_7b54f8fa-7ae8-477b-a932-f7bbb3a08676.zip
2021-12-08T09:52:20.000+01:00,cc649e4f-bfd8-4b1e-bd81-733be9388736,https://data.noise-planet.org/raw/cc/64/9e/cc649e4f-bfd8-4b1e-bd81-733be9388736/track_bb7909e4-19e8-41d7-bdab-f82b7a008c08.zip
2021-12-08T18:54:51.000+01:00,cc649e4f-bfd8-4b1e-bd81-733be9388736,https://data.noise-planet.org/raw/cc/64/9e/cc649e4f-bfd8-4b1e-bd81-733be9388736/track_d4974426-008d-442f-8033-a0e448c34968.zip
2021-12-10T08:23:37.000+01:00,8340f441-302d-4e38-9323-429d7268bf4e,https://data.noise-planet.org/raw/83/40/f4/8340f441-302d-4e38-9323-429d7268bf4e/track_e30c2fc1-a4d5-4e6e-9bb7-89258f6c549d.zip
2021-12-09T11:23:04.000+01:00,8340f441-302d-4e38-9323-429d7268bf4e,https://data.noise-planet.org/raw/83/40/f4/8340f441-302d-4e38-9323-429d7268bf4e/track_9fad8b2e-2956-488e-a910-a87a1588ff15.zip
2021-12-10T10:04:18.000+01:00,cc649e4f-bfd8-4b1e-bd81-733be9388736,https://data.noise-planet.org/raw/cc/64/9e/cc649e4f-bfd8-4b1e-bd81-733be9388736/track_58e44f82-4bda-49a4-a9ab-68541cf64a15.zip
2021-12-10T10:06:25.000+01:00,cc649e4f-bfd8-4b1e-bd81-733be9388736,https://data.noise-planet.org/raw/cc/64/9e/cc649e4f-bfd8-4b1e-bd81-733be9388736/track_96e837d9-bdf9-4119-93f6-464fa89f0e5b.zip
2021-12-10T10:10:10.000+01:00,cc649e4f-bfd8-4b1e-bd81-733be9388736,https://data.noise-planet.org/raw/cc/64/9e/cc649e4f-bfd8-4b1e-bd81-733be9388736/track_c0da18ef-b470-490e-8932-7e90eb898e9c.zip
2021-12-10T10:13:58.000+01:00,cc649e4f-bfd8-4b1e-bd81-733be9388736,https://data.noise-planet.org/raw/cc/64/9e/cc649e4f-bfd8-4b1e-bd81-733be9388736/track_d982d4f0-48cd-47ea-a5fb-478ef26de94e.zip
2021-12-10T10:26:35.000+01:00,cc649e4f-bfd8-4b1e-bd81-733be9388736,https://data.noise-planet.org/raw/cc/64/9e/cc649e4f-bfd8-4b1e-bd81-733be9388736/track_5179293a-de69-4b84-b31a-4a8fad47af39.zip
2021-12-10T10:29:59.000+01:00,cc649e4f-bfd8-4b1e-bd81-733be9388736,https://data.noise-planet.org/raw/cc/64/9e/cc649e4f-bfd8-4b1e-bd81-733be9388736/track_d4ed0047-74f7-4a85-9e26-4b68c999938c.zip
2021-12-10T10:33:30.000+01:00,cc649e4f-bfd8-4b1e-bd81-733be9388736,https://data.noise-planet.org/raw/cc/64/9e/cc649e4f-bfd8-4b1e-bd81-733be9388736/track_0eb7e347-bc35-4ce8-aa03-7c4954e0b23b.zip
2021-12-10T10:36:10.000+01:00,cc649e4f-bfd8-4b1e-bd81-733be9388736,https://data.noise-planet.org/raw/cc/64/9e/cc649e4f-bfd8-4b1e-bd81-733be9388736/track_eddd252d-0d68-4c74-9b59-f0a4862a4af8.zip
2021-12-10T10:38:52.000+01:00,cc649e4f-bfd8-4b1e-bd81-733be9388736,https://data.noise-planet.org/raw/cc/64/9e/cc649e4f-bfd8-4b1e-bd81-733be9388736/track_a8d57a78-8573-4747-89d6-55ddd3284bbd.zip
2021-12-10T10:41:17.000+01:00,cc649e4f-bfd8-4b1e-bd81-733be9388736,https://data.noise-planet.org/raw/cc/64/9e/cc649e4f-bfd8-4b1e-bd81-733be9388736/track_20dd4547-d023-40dc-a152-4a1f33701b63.zip
2021-12-10T10:44:56.000+01:00,cc649e4f-bfd8-4b1e-bd81-733be9388736,https://data.noise-planet.org/raw/cc/64/9e/cc649e4f-bfd8-4b1e-bd81-733be9388736/track_2318de1d-4ce5-469e-aec1-2b2168e49d11.zip
2021-12-10T11:12:02.000+01:00,cc649e4f-bfd8-4b1e-bd81-733be9388736,https://data.noise-planet.org/raw/cc/64/9e/cc649e4f-bfd8-4b1e-bd81-733be9388736/track_c31eb1fb-f760-4a54-a5f7-a29f0ea936b3.zip
2021-12-10T11:15:44.000+01:00,cc649e4f-bfd8-4b1e-bd81-733be9388736,https://data.noise-planet.org/raw/cc/64/9e/cc649e4f-bfd8-4b1e-bd81-733be9388736/track_9e9f2c07-2502-4cdf-93af-1e731d40a274.zip
2021-12-10T17:25:32.000+01:00,68b67d77-9554-44c6-8094-e0ee16ad285d,https://data.noise-planet.org/raw/68/b6/7d/68b67d77-9554-44c6-8094-e0ee16ad285d/track_1d868219-c35b-4137-a256-8f0472f1c4d6.zip
2021-12-11T01:04:34.000+01:00,8340f441-302d-4e38-9323-429d7268bf4e,https://data.noise-planet.org/raw/83/40/f4/8340f441-302d-4e38-9323-429d7268bf4e/track_a664e1af-628e-4650-9471-85c1ca8b573c.zip
2021-12-06T15:12:33.000+01:00,97e32227-1faa-48be-9390-902f037e0291,https://data.noise-planet.org/raw/97/e3/22/97e32227-1faa-48be-9390-902f037e0291/track_2ea57f1e-ca06-42be-a914-f1b78f2637e8.zip
2021-12-13T07:39:01.000+01:00,8340f441-302d-4e38-9323-429d7268bf4e,https://data.noise-planet.org/raw/83/40/f4/8340f441-302d-4e38-9323-429d7268bf4e/track_4fa0f8bb-4771-49c0-a219-f25f6773953a.zip
2021-12-13T08:49:40.000+01:00,9e5bc3f0-8e03-4345-85a2-df8701617554,https://data.noise-planet.org/raw/9e/5b/c3/9e5bc3f0-8e03-4345-85a2-df8701617554/track_fd308cc6-3541-4d8f-926e-c55b458a6969.zip
2021-12-14T12:51:45.000+01:00,e3b1ee40-77fe-49c5-b25e-8cef68718e31,https://data.noise-planet.org/raw/e3/b1/ee/e3b1ee40-77fe-49c5-b25e-8cef68718e31/track_591ecefd-6ada-4765-8c95-f92b4ec292a4.zip
2021-12-15T20:44:44.000+01:00,97e32227-1faa-48be-9390-902f037e0291,https://data.noise-planet.org/raw/97/e3/22/97e32227-1faa-48be-9390-902f037e0291/track_79abb36f-c3cb-4e97-8b71-eecd260536d6.zip
2021-12-16T09:06:31.000+01:00,97e32227-1faa-48be-9390-902f037e0291,https://data.noise-planet.org/raw/97/e3/22/97e32227-1faa-48be-9390-902f037e0291/track_0583fbfc-62f4-48aa-9aaf-f67a22ac4eb2.zip
2021-12-16T09:31:11.000+01:00,9e5bc3f0-8e03-4345-85a2-df8701617554,https://data.noise-planet.org/raw/9e/5b/c3/9e5bc3f0-8e03-4345-85a2-df8701617554/track_cc44a841-df4f-4069-bf31-81a099f8f218.zip
2021-12-16T10:01:49.000+01:00,cc649e4f-bfd8-4b1e-bd81-733be9388736,https://data.noise-planet.org/raw/cc/64/9e/cc649e4f-bfd8-4b1e-bd81-733be9388736/track_3e591fc4-97ee-4420-9b5c-505c4b75c7a9.zip
2021-12-16T10:04:48.000+01:00,cc649e4f-bfd8-4b1e-bd81-733be9388736,https://data.noise-planet.org/raw/cc/64/9e/cc649e4f-bfd8-4b1e-bd81-733be9388736/track_a6a59379-4683-4be2-98b2-a4a5790cd932.zip
2021-12-16T10:06:41.000+01:00,cc649e4f-bfd8-4b1e-bd81-733be9388736,https://data.noise-planet.org/raw/cc/64/9e/cc649e4f-bfd8-4b1e-bd81-733be9388736/track_13fac972-ccbb-4156-a283-f9c82ad5db53.zip
2021-12-16T10:09:36.000+01:00,cc649e4f-bfd8-4b1e-bd81-733be9388736,https://data.noise-planet.org/raw/cc/64/9e/cc649e4f-bfd8-4b1e-bd81-733be9388736/track_1a90db20-c73b-4c9e-b359-6b77df99d1ce.zip
2021-12-16T10:12:07.000+01:00,cc649e4f-bfd8-4b1e-bd81-733be9388736,https://data.noise-planet.org/raw/cc/64/9e/cc649e4f-bfd8-4b1e-bd81-733be9388736/track_52abd7bf-3cc7-4e17-bfbe-bd713ab0a0cc.zip
2021-12-16T10:14:15.000+01:00,cc649e4f-bfd8-4b1e-bd81-733be9388736,https://data.noise-planet.org/raw/cc/64/9e/cc649e4f-bfd8-4b1e-bd81-733be9388736/track_637b0556-934c-4fec-808a-e4a3ba2e4023.zip
2021-12-16T10:17:45.000+01:00,cc649e4f-bfd8-4b1e-bd81-733be9388736,https://data.noise-planet.org/raw/cc/64/9e/cc649e4f-bfd8-4b1e-bd81-733be9388736/track_49fc097d-b807-44de-885d-9fcf8613c619.zip
2021-12-16T10:20:08.000+01:00,cc649e4f-bfd8-4b1e-bd81-733be9388736,https://data.noise-planet.org/raw/cc/64/9e/cc649e4f-bfd8-4b1e-bd81-733be9388736/track_77da35ec-608d-4246-b926-9aedbd4a6bb4.zip
2021-12-16T10:21:50.000+01:00,cc649e4f-bfd8-4b1e-bd81-733be9388736,https://data.noise-planet.org/raw/cc/64/9e/cc649e4f-bfd8-4b1e-bd81-733be9388736/track_ab6433c3-4524-4f2d-b9fb-a5150ed4ab19.zip
2021-12-16T10:23:52.000+01:00,cc649e4f-bfd8-4b1e-bd81-733be9388736,https://data.noise-planet.org/raw/cc/64/9e/cc649e4f-bfd8-4b1e-bd81-733be9388736/track_15d79d25-e7a3-4b1c-a5df-5d1fe2b1d530.zip
2021-12-16T10:25:59.000+01:00,cc649e4f-bfd8-4b1e-bd81-733be9388736,https://data.noise-planet.org/raw/cc/64/9e/cc649e4f-bfd8-4b1e-bd81-733be9388736/track_9e9c9c10-5c7b-4173-845e-1da3d2466a71.zip
2021-12-16T10:28:11.000+01:00,cc649e4f-bfd8-4b1e-bd81-733be9388736,https://data.noise-planet.org/raw/cc/64/9e/cc649e4f-bfd8-4b1e-bd81-733be9388736/track_da51e9da-21cf-46ce-9b8d-7d425a092042.zip
2021-12-16T10:30:08.000+01:00,cc649e4f-bfd8-4b1e-bd81-733be9388736,https://data.noise-planet.org/raw/cc/64/9e/cc649e4f-bfd8-4b1e-bd81-733be9388736/track_0da981a5-058d-4c81-b1cb-b9dd15f0b293.zip
2021-12-16T10:31:55.000+01:00,cc649e4f-bfd8-4b1e-bd81-733be9388736,https://data.noise-planet.org/raw/cc/64/9e/cc649e4f-bfd8-4b1e-bd81-733be9388736/track_449cc48f-aab8-43fa-8580-b3c816c38abc.zip
2021-12-16T10:34:21.000+01:00,cc649e4f-bfd8-4b1e-bd81-733be9388736,https://data.noise-planet.org/raw/cc/64/9e/cc649e4f-bfd8-4b1e-bd81-733be9388736/track_69033d52-0527-4858-879b-011d1030e5fa.zip
2021-12-16T10:37:02.000+01:00,cc649e4f-bfd8-4b1e-bd81-733be9388736,https://data.noise-planet.org/raw/cc/64/9e/cc649e4f-bfd8-4b1e-bd81-733be9388736/track_fbed8283-94c9-448d-aa8a-df8332b07b89.zip
2021-12-16T10:39:17.000+01:00,cc649e4f-bfd8-4b1e-bd81-733be9388736,https://data.noise-planet.org/raw/cc/64/9e/cc649e4f-bfd8-4b1e-bd81-733be9388736/track_3538d39e-c181-4647-8b71-7f5e87cf2e29.zip
2021-12-16T10:41:45.000+01:00,cc649e4f-bfd8-4b1e-bd81-733be9388736,https://data.noise-planet.org/raw/cc/64/9e/cc649e4f-bfd8-4b1e-bd81-733be9388736/track_b97a3064-36a7-4455-8dc9-548393051330.zip
2021-12-16T10:45:15.000+01:00,cc649e4f-bfd8-4b1e-bd81-733be9388736,https://data.noise-planet.org/raw/cc/64/9e/cc649e4f-bfd8-4b1e-bd81-733be9388736/track_44e7e939-b196-4de7-991f-0c2e62ef35d7.zip
2021-12-16T10:47:28.000+01:00,cc649e4f-bfd8-4b1e-bd81-733be9388736,https://data.noise-planet.org/raw/cc/64/9e/cc649e4f-bfd8-4b1e-bd81-733be9388736/track_1b4bf01f-1b8a-4983-a4a3-f214fef6bebc.zip
2021-12-16T10:49:58.000+01:00,cc649e4f-bfd8-4b1e-bd81-733be9388736,https://data.noise-planet.org/raw/cc/64/9e/cc649e4f-bfd8-4b1e-bd81-733be9388736/track_28603810-353b-4c5d-b2c6-7aa78ac8e6e8.zip
2021-12-16T10:54:41.000+01:00,cc649e4f-bfd8-4b1e-bd81-733be9388736,https://data.noise-planet.org/raw/cc/64/9e/cc649e4f-bfd8-4b1e-bd81-733be9388736/track_a79085c8-ac0e-48aa-a711-15b071b7e9ff.zip
2021-12-16T10:56:55.000+01:00,cc649e4f-bfd8-4b1e-bd81-733be9388736,https://data.noise-planet.org/raw/cc/64/9e/cc649e4f-bfd8-4b1e-bd81-733be9388736/track_c11e0224-e1a9-48a4-a8e5-bf5cb7c1d037.zip
2021-12-17T14:05:23.000+01:00,8ec5023d-f1c9-4435-b675-dfbe1d27bda7,https://data.noise-planet.org/raw/8e/c5/02/8ec5023d-f1c9-4435-b675-dfbe1d27bda7/track_337e5b6a-32f5-437d-a9a5-dfc01d383003.zip
2021-12-17T14:10:51.000+01:00,8ec5023d-f1c9-4435-b675-dfbe1d27bda7,https://data.noise-planet.org/raw/8e/c5/02/8ec5023d-f1c9-4435-b675-dfbe1d27bda7/track_8ff5f7d1-a09c-4711-96cf-81a76fdc271b.zip
2021-12-17T14:17:58.000+01:00,8ec5023d-f1c9-4435-b675-dfbe1d27bda7,https://data.noise-planet.org/raw/8e/c5/02/8ec5023d-f1c9-4435-b675-dfbe1d27bda7/track_e8aefc54-7bf4-4447-a455-fdf174c6977d.zip
2021-12-17T14:25:51.000+01:00,8ec5023d-f1c9-4435-b675-dfbe1d27bda7,https://data.noise-planet.org/raw/8e/c5/02/8ec5023d-f1c9-4435-b675-dfbe1d27bda7/track_f4f9fd01-713f-4508-96f4-bae044cdf901.zip
2021-12-18T08:48:40.000+01:00,8340f441-302d-4e38-9323-429d7268bf4e,https://data.noise-planet.org/raw/83/40/f4/8340f441-302d-4e38-9323-429d7268bf4e/track_11a6c210-b486-42be-a471-1db623307da0.zip
2021-12-14T07:29:43.000+01:00,8340f441-302d-4e38-9323-429d7268bf4e,https://data.noise-planet.org/raw/83/40/f4/8340f441-302d-4e38-9323-429d7268bf4e/track_dd3f07bb-5f4c-414d-b119-611587cd74f9.zip
2021-12-18T18:20:44.000+01:00,8ec5023d-f1c9-4435-b675-dfbe1d27bda7,https://data.noise-planet.org/raw/8e/c5/02/8ec5023d-f1c9-4435-b675-dfbe1d27bda7/track_cc8cb657-5b42-423a-bffd-0ac35b11dff8.zip
2021-12-18T17:06:23.000+01:00,8ec5023d-f1c9-4435-b675-dfbe1d27bda7,https://data.noise-planet.org/raw/8e/c5/02/8ec5023d-f1c9-4435-b675-dfbe1d27bda7/track_8162b7e8-f3fa-49bc-8f2a-aad8cadb709b.zip
2021-12-18T18:04:29.000+01:00,8ec5023d-f1c9-4435-b675-dfbe1d27bda7,https://data.noise-planet.org/raw/8e/c5/02/8ec5023d-f1c9-4435-b675-dfbe1d27bda7/track_796fb896-f433-4a27-87ab-ed7c5a842a3d.zip
2021-12-18T16:42:42.000+01:00,8ec5023d-f1c9-4435-b675-dfbe1d27bda7,https://data.noise-planet.org/raw/8e/c5/02/8ec5023d-f1c9-4435-b675-dfbe1d27bda7/track_8e5a2b50-1191-421f-ba8f-08349a5c7087.zip
2021-12-18T17:01:06.000+01:00,8ec5023d-f1c9-4435-b675-dfbe1d27bda7,https://data.noise-planet.org/raw/8e/c5/02/8ec5023d-f1c9-4435-b675-dfbe1d27bda7/track_32e52981-f373-4ebd-bf92-007c4efb7b07.zip
2021-12-18T17:56:22.000+01:00,8ec5023d-f1c9-4435-b675-dfbe1d27bda7,https://data.noise-planet.org/raw/8e/c5/02/8ec5023d-f1c9-4435-b675-dfbe1d27bda7/track_237999d9-02fa-48e5-be3c-cf1fd07890e6.zip
2021-12-18T16:53:42.000+01:00,8ec5023d-f1c9-4435-b675-dfbe1d27bda7,https://data.noise-planet.org/raw/8e/c5/02/8ec5023d-f1c9-4435-b675-dfbe1d27bda7/track_cb8716c9-cc2e-416b-bb4f-85543e9991f1.zip
2021-12-18T16:07:06.000+01:00,8ec5023d-f1c9-4435-b675-dfbe1d27bda7,https://data.noise-planet.org/raw/8e/c5/02/8ec5023d-f1c9-4435-b675-dfbe1d27bda7/track_0a95f8df-c4fb-48eb-8ab4-bfd39dcdb186.zip
2021-12-18T17:13:23.000+01:00,8ec5023d-f1c9-4435-b675-dfbe1d27bda7,https://data.noise-planet.org/raw/8e/c5/02/8ec5023d-f1c9-4435-b675-dfbe1d27bda7/track_d2835a2f-23cb-4de5-b6d0-efa6f81efd2c.zip
2021-12-18T15:59:12.000+01:00,8ec5023d-f1c9-4435-b675-dfbe1d27bda7,https://data.noise-planet.org/raw/8e/c5/02/8ec5023d-f1c9-4435-b675-dfbe1d27bda7/track_3c6563f0-7c02-4608-ae34-8e687cae5474.zip
2021-12-18T19:03:04.000+01:00,8340f441-302d-4e38-9323-429d7268bf4e,https://data.noise-planet.org/raw/83/40/f4/8340f441-302d-4e38-9323-429d7268bf4e/track_bc7e917f-1e81-40d8-9924-9b7b9ec929ad.zip
2021-12-19T11:29:07.000+01:00,c1c1b695-b9fe-4771-b1a7-d3dfe1a078ea,https://data.noise-planet.org/raw/c1/c1/b6/c1c1b695-b9fe-4771-b1a7-d3dfe1a078ea/track_b965daa2-d72f-4972-91b6-66ed0062e333.zip
2021-12-19T11:33:40.000+01:00,c1c1b695-b9fe-4771-b1a7-d3dfe1a078ea,https://data.noise-planet.org/raw/c1/c1/b6/c1c1b695-b9fe-4771-b1a7-d3dfe1a078ea/track_986402fc-4a37-4bf3-acae-a77ea6f6a6b6.zip
2021-12-19T17:17:00.000+01:00,9501b8ed-d566-49c9-910a-e19bdbc523fa,https://data.noise-planet.org/raw/95/01/b8/9501b8ed-d566-49c9-910a-e19bdbc523fa/track_e28494f0-7295-4d8e-842f-44df4c504a69.zip
2021-12-19T17:59:03.000+01:00,8ec5023d-f1c9-4435-b675-dfbe1d27bda7,https://data.noise-planet.org/raw/8e/c5/02/8ec5023d-f1c9-4435-b675-dfbe1d27bda7/track_8e5d4da1-1bc9-4c1a-83e7-3f6450afa6cb.zip
2021-12-20T17:00:52.000+01:00,97e32227-1faa-48be-9390-902f037e0291,https://data.noise-planet.org/raw/97/e3/22/97e32227-1faa-48be-9390-902f037e0291/track_92d0ba23-d111-4122-a040-768b516a4570.zip
2021-12-20T21:25:28.000+01:00,97e32227-1faa-48be-9390-902f037e0291,https://data.noise-planet.org/raw/97/e3/22/97e32227-1faa-48be-9390-902f037e0291/track_6dcdd75f-8294-4afd-94fd-5f1bfacc3115.zip
2021-12-21T09:02:14.000+01:00,97e32227-1faa-48be-9390-902f037e0291,https://data.noise-planet.org/raw/97/e3/22/97e32227-1faa-48be-9390-902f037e0291/track_41764a24-ce61-4896-bfff-cf0ac249b465.zip
2021-12-21T09:05:22.000+01:00,97e32227-1faa-48be-9390-902f037e0291,https://data.noise-planet.org/raw/97/e3/22/97e32227-1faa-48be-9390-902f037e0291/track_6d5e6fc5-d3f0-48bf-adfd-56b5b41f62bd.zip
2021-12-21T09:07:33.000+01:00,97e32227-1faa-48be-9390-902f037e0291,https://data.noise-planet.org/raw/97/e3/22/97e32227-1faa-48be-9390-902f037e0291/track_aba7594f-4f60-4e5f-ae03-54c35783bd08.zip
2021-12-21T09:09:47.000+01:00,97e32227-1faa-48be-9390-902f037e0291,https://data.noise-planet.org/raw/97/e3/22/97e32227-1faa-48be-9390-902f037e0291/track_b30a00cd-b673-49de-babf-5d9bb05f51d4.zip
2021-12-21T08:34:52.000+01:00,8ec5023d-f1c9-4435-b675-dfbe1d27bda7,https://data.noise-planet.org/raw/8e/c5/02/8ec5023d-f1c9-4435-b675-dfbe1d27bda7/track_c744758f-8fdf-4eb0-b5d7-a3276ef5013e.zip
2021-12-21T08:41:12.000+01:00,8ec5023d-f1c9-4435-b675-dfbe1d27bda7,https://data.noise-planet.org/raw/8e/c5/02/8ec5023d-f1c9-4435-b675-dfbe1d27bda7/track_bebccd7a-1f45-4e44-ac98-715107ad65bf.zip
2021-12-21T08:48:43.000+01:00,8ec5023d-f1c9-4435-b675-dfbe1d27bda7,https://data.noise-planet.org/raw/8e/c5/02/8ec5023d-f1c9-4435-b675-dfbe1d27bda7/track_452d4233-993a-4de9-aac1-681f784982cf.zip
2021-12-21T09:02:17.000+01:00,8ec5023d-f1c9-4435-b675-dfbe1d27bda7,https://data.noise-planet.org/raw/8e/c5/02/8ec5023d-f1c9-4435-b675-dfbe1d27bda7/track_d07bd88a-a1e7-4816-9ac4-638d3891c81c.zip
2021-12-21T08:56:16.000+01:00,8ec5023d-f1c9-4435-b675-dfbe1d27bda7,https://data.noise-planet.org/raw/8e/c5/02/8ec5023d-f1c9-4435-b675-dfbe1d27bda7/track_32555733-830f-4071-9b61-1134d465c1de.zip
2021-12-21T13:02:45.000+01:00,97e32227-1faa-48be-9390-902f037e0291,https://data.noise-planet.org/raw/97/e3/22/97e32227-1faa-48be-9390-902f037e0291/track_d3a499ac-6252-4154-8588-1bfd8c81acd3.zip
2021-12-21T13:04:59.000+01:00,97e32227-1faa-48be-9390-902f037e0291,https://data.noise-planet.org/raw/97/e3/22/97e32227-1faa-48be-9390-902f037e0291/track_3b7337c2-7051-49aa-860f-a6d7f61a3959.zip
2021-12-21T13:04:21.000+01:00,97e32227-1faa-48be-9390-902f037e0291,https://data.noise-planet.org/raw/97/e3/22/97e32227-1faa-48be-9390-902f037e0291/track_c5695ea2-ad24-43b3-9a85-2ee3fe8579dc.zip
2021-12-21T13:06:04.000+01:00,97e32227-1faa-48be-9390-902f037e0291,https://data.noise-planet.org/raw/97/e3/22/97e32227-1faa-48be-9390-902f037e0291/track_e7239394-952d-4a26-b57a-29cad67e1e86.zip
2021-12-22T17:28:47.000+01:00,aed4a4cf-d380-4f31-9810-4b1aaaefbdd8,https://data.noise-planet.org/raw/ae/d4/a4/aed4a4cf-d380-4f31-9810-4b1aaaefbdd8/track_5f9e7a8e-a680-4219-88cb-de590cf619de.zip
2021-12-23T08:55:18.000+01:00,8ec5023d-f1c9-4435-b675-dfbe1d27bda7,https://data.noise-planet.org/raw/8e/c5/02/8ec5023d-f1c9-4435-b675-dfbe1d27bda7/track_8c0e4379-15f1-4a06-8a56-7ed8de62cc2b.zip
2021-12-23T09:11:07.000+01:00,8ec5023d-f1c9-4435-b675-dfbe1d27bda7,https://data.noise-planet.org/raw/8e/c5/02/8ec5023d-f1c9-4435-b675-dfbe1d27bda7/track_908e843b-0f2d-4b7d-a209-04a51af736c0.zip
2021-12-23T09:16:25.000+01:00,8ec5023d-f1c9-4435-b675-dfbe1d27bda7,https://data.noise-planet.org/raw/8e/c5/02/8ec5023d-f1c9-4435-b675-dfbe1d27bda7/track_d2003578-385c-4adf-9256-a53118fee420.zip
2021-12-23T09:03:30.000+01:00,8ec5023d-f1c9-4435-b675-dfbe1d27bda7,https://data.noise-planet.org/raw/8e/c5/02/8ec5023d-f1c9-4435-b675-dfbe1d27bda7/track_a7a5cf3f-6772-4ea3-9821-693c1cb66e13.zip
2021-12-23T09:44:07.000+01:00,8ec5023d-f1c9-4435-b675-dfbe1d27bda7,https://data.noise-planet.org/raw/8e/c5/02/8ec5023d-f1c9-4435-b675-dfbe1d27bda7/track_f9cf9541-e986-4f30-9efd-67d3f544cd5e.zip
2021-12-23T09:38:02.000+01:00,8ec5023d-f1c9-4435-b675-dfbe1d27bda7,https://data.noise-planet.org/raw/8e/c5/02/8ec5023d-f1c9-4435-b675-dfbe1d27bda7/track_17c919c1-1318-4174-badb-8a05c6b11cd9.zip
2021-12-23T09:25:37.000+01:00,8ec5023d-f1c9-4435-b675-dfbe1d27bda7,https://data.noise-planet.org/raw/8e/c5/02/8ec5023d-f1c9-4435-b675-dfbe1d27bda7/track_34971923-32a0-4c86-a5f2-3aea5b95a631.zip
2021-12-23T10:07:18.000+01:00,8ec5023d-f1c9-4435-b675-dfbe1d27bda7,https://data.noise-planet.org/raw/8e/c5/02/8ec5023d-f1c9-4435-b675-dfbe1d27bda7/track_6430d3b2-0cee-4cbd-9d56-064bd5551522.zip
2022-01-04T17:36:27.000+01:00,cbb48179-311a-450d-a3a4-7bcc511aba06,https://data.noise-planet.org/raw/cb/b4/81/cbb48179-311a-450d-a3a4-7bcc511aba06/track_7e82b619-bf77-4dcb-aa82-6ab300a2d192.zip
2022-01-04T17:37:18.000+01:00,cbb48179-311a-450d-a3a4-7bcc511aba06,https://data.noise-planet.org/raw/cb/b4/81/cbb48179-311a-450d-a3a4-7bcc511aba06/track_d2e2838c-d3ca-4530-b629-6ea5509aa656.zip
2022-01-04T17:38:30.000+01:00,cbb48179-311a-450d-a3a4-7bcc511aba06,https://data.noise-planet.org/raw/cb/b4/81/cbb48179-311a-450d-a3a4-7bcc511aba06/track_450b0d94-3136-4f84-8f52-0fb268cc9024.zip
2022-01-04T17:42:42.000+01:00,cbb48179-311a-450d-a3a4-7bcc511aba06,https://data.noise-planet.org/raw/cb/b4/81/cbb48179-311a-450d-a3a4-7bcc511aba06/track_ca5d2ff8-8f14-4f00-a757-f1b69e65fc17.zip
2022-01-04T17:54:22.000+01:00,97e32227-1faa-48be-9390-902f037e0291,https://data.noise-planet.org/raw/97/e3/22/97e32227-1faa-48be-9390-902f037e0291/track_898a95d4-3ee7-430b-9034-e4b4dd483829.zip
2022-01-05T13:35:53.000+01:00,cbb48179-311a-450d-a3a4-7bcc511aba06,https://data.noise-planet.org/raw/cb/b4/81/cbb48179-311a-450d-a3a4-7bcc511aba06/track_d124c339-48b0-4f31-ad61-0d1de527d558.zip
2022-01-05T13:42:00.000+01:00,cbb48179-311a-450d-a3a4-7bcc511aba06,https://data.noise-planet.org/raw/cb/b4/81/cbb48179-311a-450d-a3a4-7bcc511aba06/track_075f8d88-f8b4-4cec-85fa-2008b8c76f86.zip
2022-01-05T13:46:32.000+01:00,cbb48179-311a-450d-a3a4-7bcc511aba06,https://data.noise-planet.org/raw/cb/b4/81/cbb48179-311a-450d-a3a4-7bcc511aba06/track_549e37e0-4f37-4d65-ae7b-12aef70c6b84.zip
2022-01-05T13:48:13.000+01:00,cbb48179-311a-450d-a3a4-7bcc511aba06,https://data.noise-planet.org/raw/cb/b4/81/cbb48179-311a-450d-a3a4-7bcc511aba06/track_6c6b8f98-bfd5-43e9-a989-81d46d5a2961.zip
2022-01-05T14:02:07.000+01:00,cbb48179-311a-450d-a3a4-7bcc511aba06,https://data.noise-planet.org/raw/cb/b4/81/cbb48179-311a-450d-a3a4-7bcc511aba06/track_fd679c91-325c-4d75-bcdf-07f612f2df1a.zip
2022-01-05T14:04:22.000+01:00,cbb48179-311a-450d-a3a4-7bcc511aba06,https://data.noise-planet.org/raw/cb/b4/81/cbb48179-311a-450d-a3a4-7bcc511aba06/track_dab0aa07-df27-4dcb-9716-ec6b5eab28f6.zip
2022-01-05T14:10:07.000+01:00,cbb48179-311a-450d-a3a4-7bcc511aba06,https://data.noise-planet.org/raw/cb/b4/81/cbb48179-311a-450d-a3a4-7bcc511aba06/track_88535043-500c-4e54-a6cf-9f7b464ffa01.zip
2022-01-05T14:14:58.000+01:00,cbb48179-311a-450d-a3a4-7bcc511aba06,https://data.noise-planet.org/raw/cb/b4/81/cbb48179-311a-450d-a3a4-7bcc511aba06/track_0847dc17-e075-4e17-a678-17a71d3b1293.zip
2022-01-05T14:21:01.000+01:00,cbb48179-311a-450d-a3a4-7bcc511aba06,https://data.noise-planet.org/raw/cb/b4/81/cbb48179-311a-450d-a3a4-7bcc511aba06/track_e506a1b9-2e40-4088-bcd7-20eb7c3105ba.zip
2022-01-05T14:27:04.000+01:00,97e32227-1faa-48be-9390-902f037e0291,https://data.noise-planet.org/raw/97/e3/22/97e32227-1faa-48be-9390-902f037e0291/track_2df9e792-5890-4ad1-8fcf-3479ecb8cd41.zip
2022-01-05T14:29:20.000+01:00,97e32227-1faa-48be-9390-902f037e0291,https://data.noise-planet.org/raw/97/e3/22/97e32227-1faa-48be-9390-902f037e0291/track_775b705b-7f24-4ca2-b85c-9ec83b6f74ec.zip
2022-01-05T17:24:13.000+01:00,97e32227-1faa-48be-9390-902f037e0291,https://data.noise-planet.org/raw/97/e3/22/97e32227-1faa-48be-9390-902f037e0291/track_bb222ac0-4986-4452-a044-ff1c05833c92.zip
2022-01-05T22:29:05.000+01:00,c2cba507-40a8-43e6-8ee2-c094308071cd,https://data.noise-planet.org/raw/c2/cb/a5/c2cba507-40a8-43e6-8ee2-c094308071cd/track_5bdb2117-7029-4b4a-8068-2982dbcc7859.zip
2022-01-05T22:36:46.000+01:00,c2cba507-40a8-43e6-8ee2-c094308071cd,https://data.noise-planet.org/raw/c2/cb/a5/c2cba507-40a8-43e6-8ee2-c094308071cd/track_d2467334-9623-46aa-b220-21cec50c9f4c.zip
2022-01-05T22:41:51.000+01:00,c2cba507-40a8-43e6-8ee2-c094308071cd,https://data.noise-planet.org/raw/c2/cb/a5/c2cba507-40a8-43e6-8ee2-c094308071cd/track_a9cd7d3f-4926-4b38-b4ef-70767d761054.zip
2021-12-15T16:47:08.000+01:00,9e5bc3f0-8e03-4345-85a2-df8701617554,https://data.noise-planet.org/raw/9e/5b/c3/9e5bc3f0-8e03-4345-85a2-df8701617554/track_659e9c02-2bbc-49f0-b803-f7440b3eb89a.zip
2021-12-15T17:22:48.000+01:00,8ecba1bd-9e08-4215-a191-05d798f78352,https://data.noise-planet.org/raw/8e/cb/a1/8ecba1bd-9e08-4215-a191-05d798f78352/track_a6265bb7-f2d1-4488-aa08-6a99e977f54d.zip
2021-12-15T17:33:15.000+01:00,8ecba1bd-9e08-4215-a191-05d798f78352,https://data.noise-planet.org/raw/8e/cb/a1/8ecba1bd-9e08-4215-a191-05d798f78352/track_83b65713-dd8b-42fd-96ea-30bdcc6dd91c.zip
2021-12-15T17:36:41.000+01:00,8ecba1bd-9e08-4215-a191-05d798f78352,https://data.noise-planet.org/raw/8e/cb/a1/8ecba1bd-9e08-4215-a191-05d798f78352/track_eae93443-ec41-4edb-b385-29ec9ee85911.zip
2021-12-15T20:38:48.000+01:00,97e32227-1faa-48be-9390-902f037e0291,https://data.noise-planet.org/raw/97/e3/22/97e32227-1faa-48be-9390-902f037e0291/track_99c9ff11-c3f7-49a4-92f5-125977e7d885.zip
2021-12-16T11:01:38.000+01:00,cc649e4f-bfd8-4b1e-bd81-733be9388736,https://data.noise-planet.org/raw/cc/64/9e/cc649e4f-bfd8-4b1e-bd81-733be9388736/track_8694ab42-8cd0-402e-8d69-ac311e7bb719.zip
2021-12-16T11:03:19.000+01:00,cc649e4f-bfd8-4b1e-bd81-733be9388736,https://data.noise-planet.org/raw/cc/64/9e/cc649e4f-bfd8-4b1e-bd81-733be9388736/track_541a012e-795e-4ccb-94de-70cb263a42c7.zip
2021-12-16T17:48:08.000+01:00,2d6c8746-5fd7-46c1-974c-8f943b9391b7,https://data.noise-planet.org/raw/2d/6c/87/2d6c8746-5fd7-46c1-974c-8f943b9391b7/track_fd0e95a2-92af-4167-bc0d-e57967968434.zip
2021-12-17T08:49:59.000+01:00,8ec5023d-f1c9-4435-b675-dfbe1d27bda7,https://data.noise-planet.org/raw/8e/c5/02/8ec5023d-f1c9-4435-b675-dfbe1d27bda7/track_4b7f1c19-f468-4ac2-94a6-7044665cb879.zip
2021-12-17T08:56:32.000+01:00,8ec5023d-f1c9-4435-b675-dfbe1d27bda7,https://data.noise-planet.org/raw/8e/c5/02/8ec5023d-f1c9-4435-b675-dfbe1d27bda7/track_09baf8a7-116c-4aac-b432-2360f7bcedfa.zip
2021-12-17T09:11:37.000+01:00,8ec5023d-f1c9-4435-b675-dfbe1d27bda7,https://data.noise-planet.org/raw/8e/c5/02/8ec5023d-f1c9-4435-b675-dfbe1d27bda7/track_af396a75-b5ca-4c5f-afa7-a02009d6e457.zip
2021-12-17T09:29:31.000+01:00,8ec5023d-f1c9-4435-b675-dfbe1d27bda7,https://data.noise-planet.org/raw/8e/c5/02/8ec5023d-f1c9-4435-b675-dfbe1d27bda7/track_0ab7ab52-2cb5-447d-9198-d92fc0bf2f4e.zip
2021-12-18T13:04:08.000+01:00,8ec5023d-f1c9-4435-b675-dfbe1d27bda7,https://data.noise-planet.org/raw/8e/c5/02/8ec5023d-f1c9-4435-b675-dfbe1d27bda7/track_0e7e9ea5-8de0-4228-b8f0-467e5db09b6c.zip
2021-12-18T13:12:40.000+01:00,8ec5023d-f1c9-4435-b675-dfbe1d27bda7,https://data.noise-planet.org/raw/8e/c5/02/8ec5023d-f1c9-4435-b675-dfbe1d27bda7/track_3949bf9d-4fda-4bdf-92fb-0ebff433adab.zip
2021-12-18T13:18:49.000+01:00,8ec5023d-f1c9-4435-b675-dfbe1d27bda7,https://data.noise-planet.org/raw/8e/c5/02/8ec5023d-f1c9-4435-b675-dfbe1d27bda7/track_07ab0add-65e7-43ea-9a35-6ace6d72e025.zip
2021-12-19T11:10:11.000+01:00,c1c1b695-b9fe-4771-b1a7-d3dfe1a078ea,https://data.noise-planet.org/raw/c1/c1/b6/c1c1b695-b9fe-4771-b1a7-d3dfe1a078ea/track_05d26912-ca14-4f9b-9d6c-70f5998ffdbc.zip
2021-12-19T11:16:25.000+01:00,c1c1b695-b9fe-4771-b1a7-d3dfe1a078ea,https://data.noise-planet.org/raw/c1/c1/b6/c1c1b695-b9fe-4771-b1a7-d3dfe1a078ea/track_fea648d0-8515-4bf5-a8a4-32d9e159d1c5.zip
2021-12-19T11:18:54.000+01:00,c1c1b695-b9fe-4771-b1a7-d3dfe1a078ea,https://data.noise-planet.org/raw/c1/c1/b6/c1c1b695-b9fe-4771-b1a7-d3dfe1a078ea/track_f4a3e72c-8d73-4aed-a0de-e083efdc0752.zip
2021-12-19T11:20:17.000+01:00,c1c1b695-b9fe-4771-b1a7-d3dfe1a078ea,https://data.noise-planet.org/raw/c1/c1/b6/c1c1b695-b9fe-4771-b1a7-d3dfe1a078ea/track_7ae2b339-8882-4100-80f8-921c033ddcb7.zip
2021-12-19T11:24:00.000+01:00,c1c1b695-b9fe-4771-b1a7-d3dfe1a078ea,https://data.noise-planet.org/raw/c1/c1/b6/c1c1b695-b9fe-4771-b1a7-d3dfe1a078ea/track_b70a63a8-5428-4cf6-8c6b-f7a7b2ebe7b4.zip
2021-12-19T11:27:45.000+01:00,c1c1b695-b9fe-4771-b1a7-d3dfe1a078ea,https://data.noise-planet.org/raw/c1/c1/b6/c1c1b695-b9fe-4771-b1a7-d3dfe1a078ea/track_3fb45506-4c2b-4055-b43c-f9a97a6b535d.zip
2021-12-19T17:27:15.000+01:00,8ec5023d-f1c9-4435-b675-dfbe1d27bda7,https://data.noise-planet.org/raw/8e/c5/02/8ec5023d-f1c9-4435-b675-dfbe1d27bda7/track_a9b35502-e403-4b3b-b59e-11cf731b8915.zip
2021-12-19T17:03:04.000+01:00,8ec5023d-f1c9-4435-b675-dfbe1d27bda7,https://data.noise-planet.org/raw/8e/c5/02/8ec5023d-f1c9-4435-b675-dfbe1d27bda7/track_bd1dbc52-f831-496c-b3e8-654ea5fb3160.zip
2021-12-19T10:51:27.000+01:00,8ec5023d-f1c9-4435-b675-dfbe1d27bda7,https://data.noise-planet.org/raw/8e/c5/02/8ec5023d-f1c9-4435-b675-dfbe1d27bda7/track_5b828ec5-35ff-4903-a052-f950a0833962.zip
2021-12-19T10:34:03.000+01:00,8ec5023d-f1c9-4435-b675-dfbe1d27bda7,https://data.noise-planet.org/raw/8e/c5/02/8ec5023d-f1c9-4435-b675-dfbe1d27bda7/track_26844e21-6795-461e-a6a3-9a4b6803131e.zip
2021-12-19T10:11:20.000+01:00,8ec5023d-f1c9-4435-b675-dfbe1d27bda7,https://data.noise-planet.org/raw/8e/c5/02/8ec5023d-f1c9-4435-b675-dfbe1d27bda7/track_3740b717-3ed1-43d3-8f3d-04d8c8a4faf2.zip
2021-12-19T09:56:57.000+01:00,8ec5023d-f1c9-4435-b675-dfbe1d27bda7,https://data.noise-planet.org/raw/8e/c5/02/8ec5023d-f1c9-4435-b675-dfbe1d27bda7/track_771615b0-2845-40a0-a0db-72c27b8b4fda.zip
2021-12-19T10:04:55.000+01:00,8ec5023d-f1c9-4435-b675-dfbe1d27bda7,https://data.noise-planet.org/raw/8e/c5/02/8ec5023d-f1c9-4435-b675-dfbe1d27bda7/track_403225fb-9600-4add-b015-4d2b5cbc7287.zip
2021-12-20T09:08:50.000+01:00,97e32227-1faa-48be-9390-902f037e0291,https://data.noise-planet.org/raw/97/e3/22/97e32227-1faa-48be-9390-902f037e0291/track_dc675a68-cfa3-4052-96ca-6587228e671d.zip
2021-12-20T08:34:55.000+01:00,8ec5023d-f1c9-4435-b675-dfbe1d27bda7,https://data.noise-planet.org/raw/8e/c5/02/8ec5023d-f1c9-4435-b675-dfbe1d27bda7/track_f9c7ade3-5903-4192-9749-91045664310d.zip
2021-12-20T08:15:30.000+01:00,8ec5023d-f1c9-4435-b675-dfbe1d27bda7,https://data.noise-planet.org/raw/8e/c5/02/8ec5023d-f1c9-4435-b675-dfbe1d27bda7/track_00ceba16-4128-4b96-823e-397968b9da79.zip
2021-12-20T08:28:23.000+01:00,8ec5023d-f1c9-4435-b675-dfbe1d27bda7,https://data.noise-planet.org/raw/8e/c5/02/8ec5023d-f1c9-4435-b675-dfbe1d27bda7/track_3803861a-c081-44a1-9528-c7a4664950cb.zip
2021-12-20T08:21:57.000+01:00,8ec5023d-f1c9-4435-b675-dfbe1d27bda7,https://data.noise-planet.org/raw/8e/c5/02/8ec5023d-f1c9-4435-b675-dfbe1d27bda7/track_ff3d9338-0df9-4a1e-8b40-79ae8401ca70.zip
2021-12-20T07:50:56.000+01:00,8ec5023d-f1c9-4435-b675-dfbe1d27bda7,https://data.noise-planet.org/raw/8e/c5/02/8ec5023d-f1c9-4435-b675-dfbe1d27bda7/track_620f14df-f2eb-4a96-acab-44f68727a8f8.zip
2021-12-20T07:58:06.000+01:00,8ec5023d-f1c9-4435-b675-dfbe1d27bda7,https://data.noise-planet.org/raw/8e/c5/02/8ec5023d-f1c9-4435-b675-dfbe1d27bda7/track_5f5987d6-8ba4-45c0-98a2-27d5a0f35c09.zip
2021-12-20T08:07:35.000+01:00,8ec5023d-f1c9-4435-b675-dfbe1d27bda7,https://data.noise-planet.org/raw/8e/c5/02/8ec5023d-f1c9-4435-b675-dfbe1d27bda7/track_afdbcd50-a0d2-489a-889e-79d7a655a4cb.zip
2021-12-21T13:08:31.000+01:00,97e32227-1faa-48be-9390-902f037e0291,https://data.noise-planet.org/raw/97/e3/22/97e32227-1faa-48be-9390-902f037e0291/track_1c9b8e6c-8fac-4a45-94e4-99027138cfee.zip
2021-12-22T07:14:15.000+01:00,05fefa61-9006-45fe-88df-5d25b6549235,https://data.noise-planet.org/raw/05/fe/fa/05fefa61-9006-45fe-88df-5d25b6549235/track_7a276781-400b-4a65-ad1e-3181c63171f4.zip
2021-12-22T08:48:57.000+01:00,8ec5023d-f1c9-4435-b675-dfbe1d27bda7,https://data.noise-planet.org/raw/8e/c5/02/8ec5023d-f1c9-4435-b675-dfbe1d27bda7/track_10619ea3-10fe-4621-890f-9d33daf7f010.zip
2021-12-22T08:55:10.000+01:00,8ec5023d-f1c9-4435-b675-dfbe1d27bda7,https://data.noise-planet.org/raw/8e/c5/02/8ec5023d-f1c9-4435-b675-dfbe1d27bda7/track_86fea878-1c55-4f28-bc6b-712dbcc1f4f2.zip
2021-12-22T09:02:46.000+01:00,8ec5023d-f1c9-4435-b675-dfbe1d27bda7,https://data.noise-planet.org/raw/8e/c5/02/8ec5023d-f1c9-4435-b675-dfbe1d27bda7/track_2ebddcd8-c479-45c2-89e9-d5281b4a191f.zip
2021-12-22T09:08:27.000+01:00,8ec5023d-f1c9-4435-b675-dfbe1d27bda7,https://data.noise-planet.org/raw/8e/c5/02/8ec5023d-f1c9-4435-b675-dfbe1d27bda7/track_0c761d53-1446-40e2-a483-30507f564ab0.zip
2022-01-01T17:48:02.000+01:00,c1c1b695-b9fe-4771-b1a7-d3dfe1a078ea,https://data.noise-planet.org/raw/c1/c1/b6/c1c1b695-b9fe-4771-b1a7-d3dfe1a078ea/track_c58fb153-89ad-43f4-aeb5-e3fe65b43863.zip
2022-01-01T17:49:41.000+01:00,c1c1b695-b9fe-4771-b1a7-d3dfe1a078ea,https://data.noise-planet.org/raw/c1/c1/b6/c1c1b695-b9fe-4771-b1a7-d3dfe1a078ea/track_a9614a4b-ef3a-449e-9b58-39dfc26b1b01.zip
2022-01-01T17:58:48.000+01:00,c1c1b695-b9fe-4771-b1a7-d3dfe1a078ea,https://data.noise-planet.org/raw/c1/c1/b6/c1c1b695-b9fe-4771-b1a7-d3dfe1a078ea/track_510e7f3c-f7c5-4c38-964d-6a260572942d.zip
2022-01-01T18:01:16.000+01:00,c1c1b695-b9fe-4771-b1a7-d3dfe1a078ea,https://data.noise-planet.org/raw/c1/c1/b6/c1c1b695-b9fe-4771-b1a7-d3dfe1a078ea/track_761a2afd-80e3-4741-9497-848ef24acb82.zip
2022-01-01T18:04:28.000+01:00,c1c1b695-b9fe-4771-b1a7-d3dfe1a078ea,https://data.noise-planet.org/raw/c1/c1/b6/c1c1b695-b9fe-4771-b1a7-d3dfe1a078ea/track_0ffcc357-a6b9-4951-834d-891ae592fc76.zip
2022-01-03T15:19:14.000+01:00,9db16e6b-7034-4ce6-973a-3e720cf95491,https://data.noise-planet.org/raw/9d/b1/6e/9db16e6b-7034-4ce6-973a-3e720cf95491/track_0c682419-cdd1-4513-84e6-32b6ae95a326.zip
2022-01-03T15:20:22.000+01:00,9db16e6b-7034-4ce6-973a-3e720cf95491,https://data.noise-planet.org/raw/9d/b1/6e/9db16e6b-7034-4ce6-973a-3e720cf95491/track_414c327e-d8f3-4782-a229-5bfb99ca91f6.zip
2022-01-03T15:54:20.000+01:00,b8fa015a-5483-45e5-9fd0-f9beee5887cd,https://data.noise-planet.org/raw/b8/fa/01/b8fa015a-5483-45e5-9fd0-f9beee5887cd/track_1ddfdb27-1ace-41c9-81d6-c820ab2300aa.zip
2022-01-03T17:09:13.000+01:00,97e32227-1faa-48be-9390-902f037e0291,https://data.noise-planet.org/raw/97/e3/22/97e32227-1faa-48be-9390-902f037e0291/track_c7f1440c-c1d2-4ae6-abec-a477f906d089.zip
2022-01-03T17:10:11.000+01:00,97e32227-1faa-48be-9390-902f037e0291,https://data.noise-planet.org/raw/97/e3/22/97e32227-1faa-48be-9390-902f037e0291/track_22ff4a0f-c6da-4004-a753-249aedb7ed46.zip
2022-01-03T17:11:31.000+01:00,97e32227-1faa-48be-9390-902f037e0291,https://data.noise-planet.org/raw/97/e3/22/97e32227-1faa-48be-9390-902f037e0291/track_83611879-5d6d-4cec-a562-e8ede602f4b8.zip
2022-01-03T17:13:09.000+01:00,97e32227-1faa-48be-9390-902f037e0291,https://data.noise-planet.org/raw/97/e3/22/97e32227-1faa-48be-9390-902f037e0291/track_3e5063cb-c3c0-4022-b515-f2b4b75d6988.zip
2022-01-05T08:53:15.000+01:00,97e32227-1faa-48be-9390-902f037e0291,https://data.noise-planet.org/raw/97/e3/22/97e32227-1faa-48be-9390-902f037e0291/track_7e45214d-2adf-42e9-b56d-c64e3d70b3c2.zip
2022-01-05T08:55:04.000+01:00,97e32227-1faa-48be-9390-902f037e0291,https://data.noise-planet.org/raw/97/e3/22/97e32227-1faa-48be-9390-902f037e0291/track_89d3d2af-465a-4ee2-9531-a0765f259810.zip
2022-01-05T08:55:48.000+01:00,97e32227-1faa-48be-9390-902f037e0291,https://data.noise-planet.org/raw/97/e3/22/97e32227-1faa-48be-9390-902f037e0291/track_1fb8a5f2-1a81-457c-9a61-c1a38fe62553.zip
2022-01-05T08:56:41.000+01:00,97e32227-1faa-48be-9390-902f037e0291,https://data.noise-planet.org/raw/97/e3/22/97e32227-1faa-48be-9390-902f037e0291/track_efd20dd7-5650-4507-80e5-d8d98af9ec38.zip
2022-01-05T08:57:48.000+01:00,97e32227-1faa-48be-9390-902f037e0291,https://data.noise-planet.org/raw/97/e3/22/97e32227-1faa-48be-9390-902f037e0291/track_3a5eb0a2-bc1b-4a09-8327-e90c569db4f1.zip
2022-01-05T08:59:26.000+01:00,97e32227-1faa-48be-9390-902f037e0291,https://data.noise-planet.org/raw/97/e3/22/97e32227-1faa-48be-9390-902f037e0291/track_2e2504a1-8f4a-4b53-a31a-d91b5b5b729a.zip
2022-01-05T09:01:00.000+01:00,97e32227-1faa-48be-9390-902f037e0291,https://data.noise-planet.org/raw/97/e3/22/97e32227-1faa-48be-9390-902f037e0291/track_af646b23-402c-45f0-82c6-a358d7dc8fac.zip
2022-01-05T09:02:12.000+01:00,97e32227-1faa-48be-9390-902f037e0291,https://data.noise-planet.org/raw/97/e3/22/97e32227-1faa-48be-9390-902f037e0291/track_fe342658-35cd-4369-8e1f-9260cb49a739.zip
2022-01-05T09:03:18.000+01:00,97e32227-1faa-48be-9390-902f037e0291,https://data.noise-planet.org/raw/97/e3/22/97e32227-1faa-48be-9390-902f037e0291/track_a11060c4-11b0-476e-8b00-269157e176f7.zip
2022-01-04T18:55:31.000+01:00,8ec5023d-f1c9-4435-b675-dfbe1d27bda7,https://data.noise-planet.org/raw/8e/c5/02/8ec5023d-f1c9-4435-b675-dfbe1d27bda7/track_bd7e3558-3ef4-4b12-b3de-80778955b0d7.zip
2022-01-05T08:07:56.000+01:00,8ec5023d-f1c9-4435-b675-dfbe1d27bda7,https://data.noise-planet.org/raw/8e/c5/02/8ec5023d-f1c9-4435-b675-dfbe1d27bda7/track_ab55fd5e-428d-4059-a226-b29a2562cd17.zip
2022-01-05T08:14:55.000+01:00,8ec5023d-f1c9-4435-b675-dfbe1d27bda7,https://data.noise-planet.org/raw/8e/c5/02/8ec5023d-f1c9-4435-b675-dfbe1d27bda7/track_4b44afb0-889e-4901-803c-b4be37248077.zip
2022-01-05T07:58:18.000+01:00,8ec5023d-f1c9-4435-b675-dfbe1d27bda7,https://data.noise-planet.org/raw/8e/c5/02/8ec5023d-f1c9-4435-b675-dfbe1d27bda7/track_72a998bc-1b09-4982-87b0-852b5e73b5e0.zip
2022-01-05T08:21:59.000+01:00,8ec5023d-f1c9-4435-b675-dfbe1d27bda7,https://data.noise-planet.org/raw/8e/c5/02/8ec5023d-f1c9-4435-b675-dfbe1d27bda7/track_906a18f0-7ea5-4fab-a697-1e937618e391.zip
2022-01-05T10:25:09.000+01:00,97e32227-1faa-48be-9390-902f037e0291,https://data.noise-planet.org/raw/97/e3/22/97e32227-1faa-48be-9390-902f037e0291/track_6a0d2310-c95f-4448-b888-bbcd1b9b4dea.zip
2022-01-05T10:29:56.000+01:00,97e32227-1faa-48be-9390-902f037e0291,https://data.noise-planet.org/raw/97/e3/22/97e32227-1faa-48be-9390-902f037e0291/track_bf9172d5-e211-442b-9a92-79f49b96dd57.zip
2022-01-05T10:31:36.000+01:00,97e32227-1faa-48be-9390-902f037e0291,https://data.noise-planet.org/raw/97/e3/22/97e32227-1faa-48be-9390-902f037e0291/track_6e32d267-5097-4c91-9430-0a8f52d6ebf5.zip
2022-01-05T10:35:59.000+01:00,97e32227-1faa-48be-9390-902f037e0291,https://data.noise-planet.org/raw/97/e3/22/97e32227-1faa-48be-9390-902f037e0291/track_ceb818ca-baa5-4f40-badd-012da47678a9.zip
2022-01-05T10:43:03.000+01:00,97e32227-1faa-48be-9390-902f037e0291,https://data.noise-planet.org/raw/97/e3/22/97e32227-1faa-48be-9390-902f037e0291/track_617ce168-4cf6-4e65-9c20-bfdbb81c7712.zip
2022-01-05T13:30:05.000+01:00,cbb48179-311a-450d-a3a4-7bcc511aba06,https://data.noise-planet.org/raw/cb/b4/81/cbb48179-311a-450d-a3a4-7bcc511aba06/track_bd37156c-7c7a-4a90-8c02-d05206c4a97f.zip
2021-12-02T17:28:58.000+01:00,d9e71fd0-4629-45f9-8d5c-acd0f53bc747,https://data.noise-planet.org/raw/d9/e7/1f/d9e71fd0-4629-45f9-8d5c-acd0f53bc747/track_f3ef6508-68a2-43be-a082-554bc4723050.zip
2021-12-02T17:33:43.000+01:00,d9e71fd0-4629-45f9-8d5c-acd0f53bc747,https://data.noise-planet.org/raw/d9/e7/1f/d9e71fd0-4629-45f9-8d5c-acd0f53bc747/track_afe31550-768f-422d-a1eb-b307ee231ef0.zip
2021-12-02T18:31:10.000+01:00,8340f441-302d-4e38-9323-429d7268bf4e,https://data.noise-planet.org/raw/83/40/f4/8340f441-302d-4e38-9323-429d7268bf4e/track_a83ebaca-9e80-4447-9610-88f926fd5a58.zip
2021-12-02T18:12:11.000+01:00,8340f441-302d-4e38-9323-429d7268bf4e,https://data.noise-planet.org/raw/83/40/f4/8340f441-302d-4e38-9323-429d7268bf4e/track_7f0418c6-1592-4da7-99ab-e96169947980.zip
2021-12-02T18:10:08.000+01:00,8340f441-302d-4e38-9323-429d7268bf4e,https://data.noise-planet.org/raw/83/40/f4/8340f441-302d-4e38-9323-429d7268bf4e/track_0d10c4bd-cbde-4862-ae46-34aa101f519e.zip
2021-12-02T08:38:40.000+01:00,8340f441-302d-4e38-9323-429d7268bf4e,https://data.noise-planet.org/raw/83/40/f4/8340f441-302d-4e38-9323-429d7268bf4e/track_cd9d586e-4573-418e-833b-dee4215f1f3f.zip
